"","Clearwater","Clearwater.T","Snake","Snake.T","Columbia","Columbia.T","NFClearwater","NFClearwater.T","Potlatch","Potlatch.T","Tucannon","Tucannon.T","Palouse","Palouse.T","Okanogan","Okanogan.T","Methow","Methow.T","Chelan","Chelan.T","Wenatchee","Wenatchee.T","Crab","Crab.T","Yakima","Yakima.T","WallaWalla","WallaWalla.T","JohnDay","JohnDay.T","Deschutes","Deschutes.T"
"1",2500,0,20000,2.5,135333.33,5.83,1600,6.01,62.2,33,163,1.16,140,0.94,1200,0.6,508,0.84,2460,1.18,2070,0.74,141,1.84,4160,1.28,653,1.31,1840,1.16,8170,4.1
"2",2950,0,19000,2.4,140900,5.7,1600,6.03,62.2,33,162,1.77,122,1.03,1200,0.5,531,0.86,2460,1.22,2070,0.75,139,1.9,3860,1.45,650,1.48,1340,1.8,7830,4.2
"3",3900,0,20600,2.5,142483.33,5.44,1600,6.23,62.2,33,161,2.32,125,1.08,1150,0.5,577,0.93,2460,1.37,2100,0.78,137,2.16,3900,1.54,628,1.58,1100,2.4,7830,4.8
"4",4550,0,22200,3,119004.17,5.18,1604.17,6.28,62.2,33,160,3.78,150,1.8,1300,0.4,611,0.98,2460,1.46,2060,0.8,137,2.3,4090,2.69,610,2.77,1130,4.08,7730,5.5
"5",5050,0,22300,3,109070.83,4.99,1600,6.31,62.2,33,175,6.89,266,6.01,1450,0.4,651,1.28,1870,2.05,3490,0.94,136,3.21,4330,8.04,896,8.32,1520,7.94,7620,6.7
"6",9550,0,23400,3.1,121220.83,4.82,1600,6.31,62.2,33,187,6.47,309,4.34,1490,0.4,761,1.79,1870,2.95,6350,1.2,136,4.47,5730,6.09,2140,6.3,1930,7.41,7790,7
"7",9650,0,25900,3.3,115800,4.73,1600,6.22,62.2,33,218,4.66,883,3.12,1500,0.4,927,1.86,1860,3.07,5500,1.23,138,4.62,11300,4.55,2080,4.69,1930,5.13,7530,6.4
"8",8430,0.5,26600,3.3,122462.5,4.6,1604.17,6.17,62.2,33,248,3.53,1170,2.26,1700,0.4,909,2,2460,3.31,4810,1.31,138,4.94,10300,3.37,1830,3.47,3120,3.78,7140,6.3
"9",7480,1,26900,3.6,126187.5,4.53,1600,6.05,62.2,33,255,3.53,831,2.65,2000,0.4,878,1.79,2470,2.95,4310,1.2,136,4.47,8310,3.91,1570,4.04,3200,3.78,6900,6.2
"10",6740,1.5,25000,3.5,123437.5,4.47,1600,5.99,62.2,33,247,3.53,672,3.12,2050,0.4,873,1.79,2460,2.95,3940,1.2,135,4.47,7340,4.55,1310,4.69,3050,3.78,6710,6.4
"11",6290,1.5,23400,3.7,126716.67,4.4,1604.17,5.9,62.2,33,235,4.06,555,3.12,1950,0.5,869,2.07,2470,3.43,3660,1.35,135,5.1,6760,4.55,1130,4.69,2860,4.41,6720,6.6
"12",6000,2,23800,4.1,125004.17,4.4,1600,5.83,62.2,33,222,4.06,481,3.38,1850,0.5,859,1.86,2450,3.07,3390,1.23,134,4.62,6340,4.9,990,5.06,2690,4.41,6790,6.5
"13",5660,2.5,23100,4.3,130320.83,4.38,1600,5.7,62.2,33,207,4.35,431,3.38,1750,0.5,844,2,2460,3.31,3150,1.31,132,4.94,5980,4.9,868,5.06,2540,4.76,6730,6.8
"14",5320,2.5,23200,4.3,143083.33,4.3,1600,5.68,62.2,33,195,3.78,395,2.87,1700,0.6,827,2.07,2460,3.43,2950,1.35,129,5.1,5660,4.22,782,4.35,2730,4.08,6640,6.7
"15",4900,2,24300,4,144950,4.27,1600,5.76,62.2,33,186,3.78,361,2.65,1650,0.8,813,2.07,2460,3.43,2780,1.35,128,5.1,5390,3.91,706,4.04,2660,4.08,6480,6.5
"16",4710,1.5,24900,4.1,129041.67,4.23,1600,5.93,62.2,33,181,6.07,337,1.46,1610,0.8,809,1.55,2460,2.54,2700,1.07,128,3.92,5180,2.17,682,2.23,2430,6.9,6500,6.7
"17",5390,1.5,23400,4,142291.67,4.16,1600,5.92,62.2,33,180,4.98,325,1.94,1570,1.3,800,1.79,2460,2.95,2590,1.2,131,4.47,5050,2.9,720,2.99,2190,5.53,6890,6.8
"18",7220,2,25500,4.2,117125,4.13,1600,5.96,62.2,33,219,8.23,441,5.54,1570,1.3,798,1.5,2460,2.45,2670,1.05,150,3.79,5060,7.52,1200,7.77,2240,9.71,8950,7
"19",9050,2.5,28500,4.5,121158.33,4.11,1600,5.89,62.2,33,251,6.47,2330,4.34,1620,1.8,807,2.62,2460,4.31,2930,1.67,154,6.17,6680,6.09,2010,6.3,2410,7.41,10100,7
"20",8580,2.5,31100,4.3,132279.17,4.09,1600,5.7,62.2,33,266,3.29,2180,3.38,1620,1.5,790,2.73,2460,4.47,2790,1.74,149,6.37,7180,4.9,1820,5.06,3980,3.5,9270,6.5
"21",7590,2.5,29400,3.6,127170.83,4.01,1600,5.58,62.2,33,265,3.29,1390,1.46,1620,1.3,756,1.73,2460,2.84,2570,1.16,149,4.33,6840,2.17,1560,2.23,3880,3.5,8750,6.5
"22",6640,2,27100,3.2,133187.5,4,1600,5.64,62.2,33,255,3.53,1040,2.65,1580,1.2,736,1.21,2460,1.91,2440,0.9,146,3,6480,3.91,1320,4.04,3290,3.78,8300,6.7
"23",6210,2,28100,3.8,124362.5,3.93,1600,5.76,62.2,33,241,6.07,832,2.87,1510,1.4,739,1.86,2460,3.07,2380,1.23,144,4.62,6200,4.22,1150,4.35,2770,6.9,7860,6.8
"24",6340,2.5,26700,4.4,117091.67,3.92,1600,5.83,62.2,33,231,8.71,705,6.01,1450,1.8,729,2.24,2460,3.7,3190,1.45,142,5.44,6010,8.04,1030,8.32,2540,10.34,7640,7.4
"25",7630,3,26300,4.7,124520.83,3.87,1600,5.91,62.2,33,230,10.19,650,3.38,1570,2.5,752,2.84,2460,4.64,4970,1.81,140,6.57,6180,4.9,1010,5.06,2460,12.35,7500,7.9
"26",8540,3.5,25100,4.5,125325,3.8,1591.67,6,62.2,33,231,11.2,668,2.87,1750,2.9,824,2.42,2460,3.99,5180,1.55,137,5.8,7270,4.22,1010,4.35,2360,13.75,7360,7.7
"27",8790,3,26500,4.3,123187.5,3.72,1595.83,5.96,62.2,33,235,6.89,750,2.87,2740,3.1,915,2.24,2460,3.7,5010,1.45,171,5.44,7610,4.22,1010,4.35,2400,7.94,7250,7.4
"28",9080,3,28200,4.5,133266.67,3.71,1575,5.93,62.2,33,235,4.66,758,2.65,2940,3,995,2.24,2460,3.7,4820,1.45,201,5.44,7520,3.91,954,4.04,2510,5.13,6960,7.5
"29",9020,3,29800,4.3,136250,3.6,1587.5,5.8,62.2,33,226,3.78,755,3.12,2880,2.8,1020,2.07,2460,3.43,4540,1.35,194,5.1,7280,4.55,873,4.69,2670,4.08,6630,7.6
"30",8660,3,30000,4,141316.67,3.58,1595.83,5.76,62.2,33,215,4.06,722,2.99,2800,3,1030,3.39,2460,8.97,4230,3.86,172,5.46,6970,5.84,800,6.35,2680,4.41,6530,7.3
"31",8230,2.5,28500,4,151116.67,3.5,1570.83,5.61,62.2,33,205,3.78,670,2.75,2680,3.1,1040,3.27,2460,8.78,3950,3.73,161,5.29,6640,5.45,740,5.94,2590,4.08,6460,7
"32",7820,2,29600,4,133212.5,3.41,1583.33,5.53,62.2,33,199,4.59,612,2.53,2630,3.2,1050,4.07,2460,9.91,3710,4.61,152,6.41,6350,5.09,693,5.55,2470,4.72,6420,6.9
"33",7850,2,29200,4,128504.17,3.38,1795.83,5.51,62.2,33,201,5.54,572,2.53,2600,3,1050,3.04,2460,8.42,3550,3.47,147,4.95,6100,5.09,759,5.55,2340,5.86,6430,7.2
"34",8080,2.5,28700,4.2,151033.33,3.3,1579.17,5.51,62.2,33,194,5.54,540,3.54,2550,3,1040,2.93,2460,8.25,3450,3.35,145,4.79,5930,6.67,833,7.23,2260,5.86,6570,7.4
"35",8170,3,29600,4.2,147325,3.3,1583.33,5.48,62.2,33,190,6.25,600,3.25,2480,3.2,1020,3.15,2460,8.6,3320,3.59,144,5.12,5800,6.24,899,6.78,2380,6.74,6820,7.5
"36",7940,4,29700,4.4,146395.83,3.23,1562.5,5.55,62.2,33,184,10.55,650,4.97,2450,3.3,1010,3.15,2460,8.6,3260,3.59,145,5.12,5660,8.61,915,9.26,2840,12.51,7250,8
"37",8220,4,31300,4.9,151379.17,3.3,1554.17,5.76,62.2,33,186,13.35,618,8.72,2590,3.6,1050,3.93,2460,9.72,4300,4.45,147,6.21,5640,12.69,924,13.45,3330,16.56,7290,8.6
"38",10700,4.5,32900,5.5,131500,3.28,1862.5,5.8,62.2,33,207,13.35,632,10.8,2800,3.9,1120,4.71,2460,10.7,6500,5.3,150,7.25,6990,14.58,1060,15.37,3330,16.56,7500,9
"39",19400,5,39100,5.8,138425,3.3,1533.33,5.82,62.2,33,266,8.72,802,5.4,3110,4.5,1160,5.81,2460,11.91,7410,6.49,150,8.64,8890,9.15,1460,9.82,3730,9.97,8030,8.8
"40",20700,4.5,43600,5.8,127341.67,3.32,4616.67,5.67,62.2,33,294,9.62,1370,5.4,3830,5.2,1230,4.71,2460,10.7,7430,5.3,148,7.25,9900,9.15,1500,9.82,6380,11.21,8190,8.4
"41",25100,5,49500,5.9,109820.83,3.36,4812.5,5.47,62.2,33,399,9.62,2630,6.91,3790,4.8,1270,5.81,1800,11.91,7010,6.49,147,8.64,9960,10.86,3340,11.58,6040,11.21,8350,8.7
"42",24100,5,51100,5.5,114266.67,3.4,4895.83,5.35,62.2,33,477,9.62,4180,5.4,3680,5.2,1300,6.01,1760,12.11,6680,6.7,145,8.89,10200,9.15,5380,9.82,6230,11.21,8370,8.4
"43",20500,5,48200,5.6,126670.83,3.45,5791.67,5.38,62.2,33,455,11.02,3770,6.91,3640,5.6,1340,6.64,1740,12.73,6170,7.37,145,9.65,10100,10.86,3250,11.58,6090,13.18,8180,8.2
"44",18100,5,45100,5.5,149020.83,3.5,5766.67,5.42,62.2,33,409,9.17,2350,5.4,3700,5.9,1380,6.86,2300,12.94,5890,7.6,143,9.91,9550,9.15,2310,9.82,5400,10.58,8030,8.1
"45",16300,5,42800,5.6,130237.5,3.55,9716.67,5.42,62.2,33,369,9.17,1720,8.09,3700,5.8,1450,6.42,2300,12.52,5820,7.14,140,9.39,8950,12.07,1860,12.82,4800,10.58,7920,8.5
"46",15100,5,41200,5.4,140858.33,3.59,9833.33,5.34,62.2,33,334,7.43,1380,5.87,3790,5.4,1530,7.31,2300,13.35,5700,8.08,134,10.44,8290,9.7,1590,10.39,4340,8.25,7550,8.4
"47",13900,4.5,40100,4.9,145929.17,3.67,9837.5,5.31,62.2,33,305,6.25,1150,4.97,4160,5.2,1560,5.42,2300,11.5,5370,6.07,130,8.16,7780,8.61,1390,9.26,3990,6.74,7400,7.9
"48",12900,3.5,38900,4.5,149991.67,3.73,9908.33,5.32,62.2,33,282,5.89,985,4.56,4280,5.2,1550,5.23,2390,11.3,5010,5.87,130,7.93,7360,8.1,1230,8.72,3700,6.29,7230,7.7
"49",11900,3,35500,4.5,150562.5,3.76,9916.67,5.3,62.2,33,262,6.63,868,3.85,4200,4.8,1530,4.88,2420,10.9,4700,5.49,131,7.47,6990,7.13,1110,7.71,3390,7.22,7130,7.7
"50",11200,3,33800,4.7,147366.67,3.81,9883.33,5.27,62.2,33,247,6.25,782,5.4,4110,4.3,1510,4.88,2450,10.9,4400,5.49,130,7.47,6610,9.15,1020,9.82,3130,6.74,6870,7.9
"51",11000,4,32100,5.1,147862.5,3.87,9866.67,5.19,62.2,33,240,8.72,720,5.87,4000,3.9,1490,4.23,2300,10.11,4160,4.78,127,6.61,6290,9.7,946,10.39,2920,9.97,6560,8.2
"52",11100,4.5,33400,5.1,145862.5,3.95,5716.67,5.11,62.2,33,227,5.89,713,4.97,3880,4.1,1460,6.86,2450,12.94,3950,7.6,124,9.91,6190,8.61,902,9.26,2760,6.29,6500,8
"53",9990,3.5,31700,4.5,167479.17,4,5704.17,5.26,62.2,33,215,4.31,721,2.53,3750,4.2,1420,4.71,2450,10.7,3710,5.3,120,7.25,6060,5.09,852,5.55,2580,4.39,6430,7.3
"54",8580,2,31400,4.1,155020.83,4.08,5708.33,5.07,62.2,33,203,3.79,647,2.53,3610,4.4,1380,3.39,2450,8.97,3490,3.86,115,5.46,5830,5.09,780,5.55,2460,3.79,6380,6.7
"55",8590,1,31000,4.2,136575,4.15,5712.5,5.22,62.2,33,191,5.21,581,3.54,3450,4.5,1370,3.93,2450,9.72,3320,4.45,108,6.21,5580,6.67,737,7.23,2280,5.46,6280,7.1
"56",8810,1.5,27800,4.7,123329.17,4.19,5716.67,5.11,62.2,33,193,6.63,535,1.49,3350,4.3,1340,5.23,2450,11.3,3170,5.87,114,7.93,5380,3.11,704,3.42,1980,7.22,6140,7.7
"57",8290,3,26800,5.3,140625,4.26,5725,5.06,62.2,33,189,6.63,523,5.87,3310,4.6,1320,5.81,2450,11.91,3040,6.49,114,8.64,5290,9.7,686,10.39,1910,7.22,6120,8.1
"58",7800,4,25900,5.5,135545.83,4.32,5708.33,5.04,62.2,33,186,7.02,511,6.38,3190,5,1330,7.55,2450,13.55,3030,8.32,117,10.71,5220,10.27,682,10.98,2070,7.72,6160,8.4
"59",7410,3.5,26600,5.4,132945.83,4.35,5691.67,5.1,62.2,33,182,5.54,496,3.85,3110,5,1310,4.07,2450,9.91,2920,4.61,129,6.41,5270,7.13,640,7.71,1990,5.86,6140,8.2
"60",6880,3,25500,4.8,120337.5,4.38,5716.67,5.18,62.2,33,176,4.9,473,3.25,3010,4.9,1260,4.88,2440,10.9,2760,5.49,117,7.47,5240,6.24,608,6.78,2080,5.08,6090,7.5
"61",6430,2,24800,4.5,135087.5,4.43,5737.5,5.1,62.2,33,172,4.9,444,4.19,2900,5,1250,3.79,2440,9.53,2670,4.3,120,6.02,5090,7.6,594,8.21,2180,5.08,5990,7.9
"62",6540,2,22500,4.7,145475,4.43,3558.33,5.07,62.2,33,169,4.31,415,2.99,2790,4.8,1210,4.23,2440,10.11,2530,4.78,126,6.61,4960,5.84,574,6.35,1980,4.39,5780,8.3
"63",6020,2,22200,4.6,151387.5,4.44,3525,4.98,62.2,33,162,4.59,407,2.99,2770,4.6,1160,3.52,2440,9.15,2430,4,110,5.64,4740,5.84,541,6.35,1840,4.72,5550,7.8
"64",5720,1.5,22500,4.7,149954.17,4.44,1500,4.93,62.2,33,159,6.25,390,3.85,2570,4.6,1160,4.23,2400,10.11,2360,4.78,111,6.61,4590,7.13,519,7.71,1830,6.74,5560,7.7
"65",5790,2,21600,5.4,145054.17,4.47,1500,5.06,62.2,33,157,7.43,366,6.91,2440,5,1150,5.61,2450,11.7,2290,6.28,112,8.4,4490,10.86,485,11.58,1670,8.25,5650,8.3
"66",5730,3,22000,5.9,139691.67,4.49,1500,5.18,62.2,33,154,8.72,350,8.72,2460,5.4,1140,8.02,2450,13.97,2250,8.82,124,11.25,4430,12.69,446,13.45,1530,9.97,5660,8.9
"67",5590,3.5,20000,6.2,145112.5,4.57,1500,5.12,62.2,33,152,9.62,358,8.09,2490,6,1150,8.77,2450,14.58,2240,9.59,124,12.08,4370,12.07,419,12.82,1620,11.21,5710,9.1
"68",5470,4,20200,6.4,121312.5,4.6,1500,5.05,62.2,33,149,10.09,349,10.08,2450,6.6,1180,9.28,2450,14.99,2250,10.12,129,12.64,4320,13.95,401,14.73,1610,11.86,5700,9.4
"69",5450,4.5,20200,6.6,118158.33,4.68,1500,5.08,62.2,33,148,11.96,340,8.09,2410,7.1,1230,10.33,2450,15.79,2290,11.19,121,13.76,4270,12.07,356,12.82,1590,14.53,5680,9.5
"70",5550,5,19800,7,125754.17,4.74,1500,5.05,62.2,33,146,10.55,331,13.06,2410,7.7,1310,8.52,1870,14.38,2350,9.33,114,11.8,4190,16.45,322,17.26,1570,12.51,5620,9.9
"71",5840,5.5,21200,7.5,127587.5,4.75,1500,5.12,62.2,33,147,12.43,324,10.08,2390,8.2,1420,9.54,1930,15.19,2490,10.38,103,12.92,4150,13.95,304,14.73,1550,15.21,5380,10.3
"72",6440,6,22100,8,124966.67,4.78,1500,4.99,62.2,33,146,12.43,316,10.08,2390,8.6,1560,10.06,2450,15.59,2760,10.92,95,13.48,4140,13.95,303,14.73,1550,15.21,5420,10.6
"73",6810,6.5,22400,8.2,95912.5,4.86,1500,5.05,62.2,33,145,13.79,312,16.92,2540,9.1,1730,10.06,2450,15.59,3120,10.92,88,13.48,4160,19.37,290,20.2,1640,17.23,5610,10.7
"74",9550,6,20300,8.6,110050,4.8,1495.83,4.95,62.2,33,164,11.49,333,10.8,2820,9.2,2380,11.92,2450,16.95,5530,12.81,90,15.42,4260,14.58,324,15.37,1730,13.86,5780,11.1
"75",17700,6,25100,8.8,118000,4.83,1495.83,5.02,62.2,33,185,11.02,371,6.38,3330,8.4,2680,6.64,2450,12.73,6160,7.37,99,9.65,5670,10.27,448,10.98,1780,13.18,6120,11
"76",18400,6,29700,8.6,112033.33,4.86,1487.5,5.03,62.2,33,183,7.85,749,10.8,4000,8.1,2560,7.78,2450,13.76,5530,8.57,98,10.98,8010,14.58,450,15.37,2620,8.8,6410,10.8
"77",19100,6,31300,8.4,107712.5,4.88,1491.67,4.85,62.2,33,187,10.09,744,8.09,3780,7.4,2480,7.78,2450,13.76,5010,8.57,102,10.98,7270,12.07,454,12.82,3290,11.86,6290,10.7
"78",18400,6,33200,8.5,123262.5,4.89,1475,4.75,62.2,33,181,10.09,748,8.09,3650,7.7,2440,9.8,2450,15.39,4630,10.65,106,13.2,6590,12.07,415,12.82,3370,11.86,6200,10.7
"79",16600,6.5,31300,8.4,147820.83,4.87,1462.5,4.73,62.2,33,178,11.96,912,8.09,3580,7.9,2440,8.27,2450,14.17,4340,9.07,105,11.53,6020,12.07,392,12.82,3430,14.53,6320,10.3
"80",15900,6.5,31000,8.6,129166.67,4.95,1450,4.83,62.2,33,177,11.49,781,8.72,3570,8.3,2520,8.27,2450,14.17,4240,9.07,102,11.53,5790,12.69,374,13.45,3190,13.86,6170,10.4
"81",15900,6.5,29400,8.6,136841.67,4.92,1437.5,4.77,62.2,33,175,9.17,694,5.87,3790,8.3,2610,9.02,2450,14.78,4340,9.85,95,12.36,5580,9.7,358,10.39,2980,10.58,6080,10.6
"82",15900,6.5,30300,8.6,132012.5,4.98,1441.67,4.82,62.2,33,183,8.72,655,6.38,4110,8,2590,5.61,2450,11.7,4160,6.28,95,8.4,5420,10.27,369,10.98,2870,9.97,6070,10.7
"83",17700,6,31000,8.5,122925,5.03,1420.83,4.71,62.2,33,194,8.28,740,7.48,4300,8.2,2520,7.55,1470,13.55,3970,8.32,93,10.71,5060,11.46,503,12.2,2900,9.37,6100,10.7
"84",17900,5.5,29700,7.7,127675,5.05,5262.5,4.7,62.2,33,200,8.72,2220,10.08,4320,8.1,2430,8.52,1060,14.38,3760,9.33,115,11.8,4890,13.95,945,14.73,3400,9.97,6130,10.9
"85",16500,6.5,30000,8.1,134958.33,5.08,9616.67,4.67,62.2,33,201,12.89,2910,13.06,4300,8.1,2380,9.54,1120,15.19,3900,10.38,127,12.92,4730,16.45,1170,17.26,3680,15.89,6170,11.4
"86",16200,7.5,29300,9.2,135304.17,5.18,10900,4.72,62.2,33,213,15.48,2210,16.16,4240,8.3,2490,12.19,1290,17.13,4110,13.08,159,15.69,4760,18.81,1240,19.64,3580,19.75,6100,12.7
"87",17400,8,30500,10,122337.5,5.22,12041.67,4.71,62.2,33,236,11.02,1850,11.54,4500,8.8,2820,11.92,1290,16.95,4520,12.81,165,15.42,5110,15.21,1290,16.01,3620,13.18,6050,12.6
"88",18700,7,31000,9.7,141150,5.24,12058.33,4.72,62.2,33,247,11.96,2250,12.29,5070,9.4,3130,10.86,1290,16.18,4970,11.73,175,14.32,5350,15.83,1380,16.64,3560,14.53,6130,12.1
"89",17200,7,32500,9.9,124995.83,5.4,11312.5,4.7,62.2,33,249,12.89,2060,11.54,5780,9.5,3240,10.86,1290,16.18,4820,11.73,191,14.32,5560,15.21,1200,16.01,3910,15.89,6220,12.1
"90",17300,7.5,31900,10,116020.83,5.46,9604.17,4.58,62.2,33,250,11.02,1650,8.72,6030,9.4,3480,11.66,1290,16.76,4780,12.54,194,15.15,5750,12.69,1050,13.45,3840,13.18,6080,11.7
"91",18200,6.5,33000,9.3,122633.33,5.47,9662.5,4.62,62.2,33,243,8.72,1390,5.87,6740,9.3,3540,7.31,1700,13.35,4670,8.08,189,10.44,5700,9.7,921,10.39,3670,9.97,6030,11.1
"92",17300,6,34700,8.8,124204.17,5.63,9650,4.62,62.2,33,234,7.85,1210,6.38,6800,8.8,3380,7.31,2490,13.35,4350,8.08,194,10.44,5400,10.27,780,10.98,3630,8.8,5910,10.8
"93",16100,5.5,33200,8.3,120741.67,5.81,9629.17,4.63,62.2,33,223,8.72,1050,5.87,6460,8.3,3210,7.55,2490,13.55,4050,8.32,196,10.71,5130,9.7,669,10.39,3610,9.97,5870,10.8
"94",15200,6,31800,8.5,121562.5,5.92,6037.5,4.61,62.2,33,215,8.28,938,4.97,6030,8.2,3050,7.08,2490,13.14,3800,7.84,199,10.17,4650,8.61,605,9.26,3360,9.37,5830,10.9
"95",14400,5.5,31000,8.2,123058.33,6.11,6058.33,4.59,62.2,33,207,7.43,854,4.97,5640,8.2,2900,6.64,2490,12.73,3560,7.37,209,9.65,4390,8.61,568,9.26,3140,8.25,5820,11.1
"96",13800,6,30800,8.3,118737.5,6.13,6037.5,4.65,62.2,33,212,8.72,819,8.09,5360,8.2,2770,5.81,2490,11.91,3310,6.49,221,8.64,4150,12.07,571,12.82,3030,9.97,5860,11.1
"97",13100,6,28700,8.7,98125,6.24,6033.33,4.77,62.2,33,203,10.09,791,10.08,5100,8.4,2640,6.42,2490,12.52,3110,7.14,236,9.39,3950,13.95,576,14.73,2940,11.86,5740,11.5
"98",12300,6.5,28300,9.3,107745.83,6.32,6016.67,4.88,62.2,33,193,11.02,832,8.72,4870,8.4,2520,7.55,2490,13.55,2950,8.32,248,10.71,3660,12.69,514,13.45,3010,13.18,5660,11.8
"99",11900,7.5,28200,9.7,113495.83,6.49,6000,4.86,62.2,33,186,11.02,770,8.09,4620,8.8,2400,9.54,2490,15.19,2810,10.38,252,12.92,3320,12.07,478,12.82,2920,13.18,5470,11.8
"100",11600,8,28400,10,100204.17,6.74,6000,4.89,62.2,33,185,11.96,693,8.09,4450,9.1,2340,9.02,2490,14.78,2700,9.85,255,12.36,3080,12.07,461,12.82,2810,14.53,5190,11.8
"101",11400,8,25900,10.3,102216.67,6.72,6025,4.83,62.2,33,184,9.17,642,8.09,4330,9.4,2300,9.54,2490,15.19,2650,10.38,249,12.92,2690,12.07,436,12.82,2790,10.58,5010,11.4
"102",12100,7.5,26000,9.8,111554.17,6.62,6016.67,4.81,62.2,33,186,8.72,610,6.38,4220,9.4,2220,6.86,2490,12.94,2660,7.6,259,9.91,2500,10.27,462,10.98,2650,9.97,4880,11.2
"103",11200,7,25500,9.8,116379.17,6.73,6054.17,4.81,62.2,33,177,11.02,592,8.09,4150,9.1,2120,6.42,2490,12.52,2560,7.14,267,9.39,2390,12.07,433,12.82,2540,13.18,4840,11.5
"104",11100,7,24200,10.4,91520.83,6.8,6058.33,4.79,62.2,33,180,9.62,567,6.38,3950,9,2050,7.31,2460,13.35,2470,8.08,255,10.44,2240,10.27,417,10.98,2500,11.21,4740,10.8
"105",11300,7,25000,10.1,102941.67,6.81,6020.83,4.82,62.2,33,175,8.28,559,6.91,3710,9,1970,7.31,2450,13.35,2340,8.08,246,10.44,2080,10.86,464,11.58,2370,9.37,4710,11.4
"106",10500,6.5,24500,10.1,107625,6.95,6025,4.9,62.2,33,167,9.62,549,8.72,3600,9.4,1920,8.77,2450,14.58,2250,9.59,233,12.08,1870,12.69,446,13.45,2320,11.21,4700,12.3
"107",10300,7.5,23800,10.8,96241.67,7.14,9591.67,4.88,62.2,33,164,12.89,526,13.06,3490,10,1960,10.86,1680,16.18,2230,11.73,211,14.32,1760,16.45,436,17.26,2320,15.89,4630,13
"108",10600,9,23100,11.5,87516.67,7.19,9616.67,4.9,62.2,33,160,12.89,492,13.06,3460,10.8,2100,13.75,1700,18.22,2350,14.64,203,17.26,1760,16.45,408,17.26,2180,15.89,4550,13.8
"109",11300,9.5,23800,11.7,81645.83,7.16,9629.17,4.88,62.2,33,156,13.79,467,14.61,3590,11.4,2270,13.49,2450,18.04,2480,14.39,193,17.01,1650,17.66,388,18.48,2080,17.23,4540,13.9
"110",12000,9.5,24700,12.1,96950,7.21,9625,4.84,62.2,33,155,14.66,444,15.39,3770,12,2550,14,2450,18.39,2670,14.9,199,17.51,1630,18.24,355,19.07,2000,18.52,4530,13.9
"111",13000,10,26100,12.7,88720.83,7.45,9612.5,4.84,62.2,33,151,15.48,424,17.66,3880,12.5,3070,14.73,2180,18.9,3050,15.63,205,18.24,1600,19.9,308,20.74,1920,19.75,4510,14.3
"112",14600,9.5,28000,12.8,80104.17,7.42,9608.33,4.89,62.2,33,146,10.09,403,12.29,4240,12.7,3740,15.2,2450,19.22,3490,16.1,212,18.71,1480,15.83,289,16.64,1840,11.86,4480,13.4
"113",15200,8,29500,12,95154.17,7.29,9570.83,4.86,62.2,33,145,10.09,387,10.08,4840,12.6,3920,10.86,2450,16.18,3510,11.73,212,14.32,1370,13.95,270,14.73,1810,11.86,4460,12.6
"114",15500,8,30900,11.8,89729.17,7.57,7454.17,4.87,62.2,33,147,10.55,372,9.39,5190,11.8,3690,9.54,2460,15.19,3340,10.38,210,12.92,1420,13.32,272,14.09,1820,12.51,4440,12
"115",15100,8,32200,11.3,74616.67,7.53,7487.5,4.87,62.2,33,146,8.28,363,8.72,5040,11,3410,8.77,2480,14.58,3130,9.59,215,12.08,1420,12.69,272,13.45,1820,9.37,4440,12.3
"116",14000,8,31500,10.9,71145.83,7.51,7487.5,4.9,62.2,33,145,10.09,351,6.91,4880,10.4,3150,8.02,2470,13.97,2890,8.82,223,11.25,1510,10.86,251,11.58,1840,11.86,4490,12.7
"117",13200,8,30300,11.1,85325,8.01,7500,4.93,62.2,33,139,12.43,343,16.16,4690,10.7,2990,9.02,2470,14.78,2710,9.85,218,12.36,1560,18.81,234,19.64,1830,15.21,4720,14
"118",12500,9,29100,11.7,84104.17,8.26,7483.33,5.04,62.2,33,132,16.95,332,17.66,4530,11.2,2950,14,2470,18.39,2750,14.9,215,17.51,1420,19.9,197,20.74,1730,21.95,4770,15.1
"119",13200,9.5,28500,12.3,78345.83,7.89,7491.67,5.09,62.2,33,130,11.96,316,13.06,4610,11.9,3210,15.43,2480,19.38,3020,16.33,189,18.94,1250,16.45,184,17.26,1590,14.53,4540,14.6
"120",13900,9.5,29600,NA,94704.17,7.7,7525,5.06,62.2,33,132,11.96,301,10.8,5110,12.3,3360,11.13,2470,16.37,3070,12,167,14.6,1300,14.58,170,15.37,1460,14.53,4440,14.3
"121",14300,9.5,31000,12.8,104725,8.23,7300,4.98,62.2,33,127,15.48,282,20.38,5430,12.3,3320,12.45,917,17.32,3050,13.35,157,15.96,1390,21.83,160,22.68,1390,19.75,4450,14.6
"122",15000,9.5,32200,13.1,102670.83,8.13,5095.83,5.07,62.2,33,120,14.23,271,16.16,5300,11.9,3410,16.09,948,19.84,3190,16.98,152,19.59,1300,18.81,145,19.64,1370,17.88,4530,15.1
"123",16000,10,33800,13.2,93408.33,8.07,5100,5.11,62.2,33,120,13.35,262,15.39,5270,11.7,3470,14.73,108,18.9,3270,15.63,161,18.24,1190,18.24,131,19.07,1330,16.56,4540,15.3
"124",16700,10,35300,13.2,103825,8.72,5100,5.09,62.2,33,120,15.87,252,16.16,5270,12.2,3580,13.75,955,18.22,3350,14.64,175,17.26,1180,18.81,125,19.64,1290,20.33,4570,15.2
"125",17800,10,36700,13.2,75350,8.55,9516.67,5.09,62.2,33,113,14.23,241,9.39,5250,12.5,3820,15.43,961,19.38,3570,16.33,172,18.94,1250,13.32,97,14.09,1240,17.88,4590,14.6
"126",18300,9.5,38100,12.6,70408.33,8.26,9670.83,5.08,62.2,33,112,11.02,232,8.09,5430,12.3,3750,10.33,934,15.79,3530,11.19,176,13.76,1270,12.07,88,12.82,1190,13.18,4610,13.8
"127",17400,9.5,38400,12.4,81566.67,8.7,9687.5,5.09,62.2,33,113,14.66,225,13.83,5600,11.8,3500,10.59,703,15.98,3260,11.46,174,14.04,1490,17.06,83,17.88,1160,18.52,4600,13.7
"128",16400,10,36900,12.5,73670.83,8.92,9637.5,5.12,62.2,33,111,14.66,215,16.16,5490,11.9,3390,13.75,947,18.22,3080,14.64,178,17.26,2280,18.81,84,19.64,1150,18.52,4530,14.9
"129",15800,10,35400,12.7,79179.17,9.1,5166.67,5.18,62.2,33,108,14.66,204,15.39,5440,12.3,3420,14.49,959,18.73,3060,15.39,165,18,2180,18.24,84,19.07,1130,18.52,4390,15.7
"130",15700,10,34600,13.1,78037.5,9.46,1566.67,5.4,62.2,33,105,15.48,195,17.66,5520,13.1,3590,15.65,112,19.54,3240,16.55,162,19.16,1680,19.9,89,20.74,1090,19.75,4330,15.9
"131",15600,10,34100,13.4,88187.5,9.83,1516.67,5.46,62.2,33,105,16.25,190,21.57,5680,13.7,3970,16.3,107,19.99,3550,17.19,167,19.8,1370,22.66,97,23.52,1030,20.9,4360,15
"132",15400,10,33700,13.2,112037.5,10.22,1512.5,5.54,62.2,33,106,15.48,186,15.39,5960,13.6,4450,16.5,110,20.14,4140,17.4,171,20,1310,18.24,85,19.07,984,19.75,4590,14.2
"133",17400,10,34600,13.2,105950,10.3,1520.83,5.24,62.2,33,128,11.96,186,10.8,6630,13.1,4490,10.86,119,16.18,4430,11.73,190,14.32,1760,14.58,183,15.37,951,14.53,4710,14
"134",19000,10.5,36800,13,106837.5,10.45,1525,5.24,62.2,33,129,13.79,200,15.39,6930,12.6,4370,10.86,2480,16.18,4550,11.73,222,14.32,2410,18.24,286,19.07,949,17.23,4830,15
"135",18400,10,34800,13,94670.83,10.17,1525,5.11,62.2,33,120,14.23,277,16.92,6930,12.5,4330,12.19,2490,17.13,4360,13.08,234,15.69,2930,19.37,204,20.2,1100,17.88,4810,15.5
"136",21200,9.5,36200,12.7,83816.67,10.02,5070.83,4.95,62.2,33,116,16.25,273,21.57,6930,13,4360,15.87,2490,19.69,4320,16.77,232,19.38,2550,22.66,173,23.52,1580,20.9,4790,15.1
"137",23400,9.5,41600,13,98216.67,10.6,7425,5.05,62.2,33,115,16.95,243,16.92,7050,13.9,5150,16.3,2490,19.99,4560,17.19,234,19.8,2180,19.37,162,20.2,1460,21.95,4750,15.2
"138",20900,10,42800,13.3,94645.83,10.71,5050,5.16,62.2,33,114,16.95,240,21.57,7960,14.4,6300,13.24,2500,17.86,4680,14.13,238,16.75,1940,22.66,156,23.52,1780,21.95,4640,16.3
"139",19100,10.5,41600,13.9,102916.67,10.96,1508.33,5.31,62.2,33,105,16.95,349,19.74,8730,14.2,6040,16.71,2480,20.28,4970,17.6,236,20.2,1830,21.38,138,22.22,2080,21.95,4610,16
"140",19000,11.5,42700,14.3,116004.17,11.11,1604.17,5.26,62.2,33,100,17.28,328,22.11,8670,14.5,6080,17.8,2460,21.09,5210,18.69,213,21.3,1600,23.05,133,23.9,1990,22.45,4600,15.4
"141",19100,11.5,42700,14.4,112250,11.29,1662.5,5.3,62.2,33,102,17.89,270,22.62,8670,14.9,6370,17.63,2450,20.97,5540,18.52,189,21.12,1350,23.41,128,24.27,2200,23.36,4740,15.8
"142",19500,12,43200,14.4,108704.17,11.27,1600,5.24,62.2,33,122,18.17,242,22.11,9030,15.5,6420,18.58,2440,21.7,5600,19.47,186,22.08,1170,23.05,153,23.9,2510,23.78,4920,16.1
"143",19700,12,44000,14.8,115741.67,11.55,1500,5.29,62.2,33,111,17.59,234,23.94,9210,15.6,6500,18.43,2440,21.58,5730,19.32,187,21.93,1270,24.37,157,25.24,3460,22.92,5270,16.2
"144",19500,12,45400,15.2,111183.33,11.63,1504.17,5.21,62.2,33,108,17.59,251,22.62,9210,15.7,6710,18.72,2440,21.81,5840,19.61,201,22.22,1460,23.41,155,24.27,4250,22.92,5300,16.6
"145",18400,12,44500,NA,106825,11.61,1500,5.26,62.2,33,103,16.95,270,22.11,9270,15.6,6620,18.28,2440,21.47,5660,19.17,216,21.78,1530,23.05,141,23.9,5440,21.95,5180,16.8
"146",17700,11.5,43600,NA,111404.17,11.87,1504.17,5.21,62.2,33,104,16.25,311,19.74,9290,15,6060,16.5,2440,20.14,5110,17.4,193,20,1590,21.38,115,22.22,4860,20.9,4920,16.9
"147",16600,12,45000,NA,108637.5,11.81,1500,5.31,62.2,33,109,16.25,294,22.11,9040,15.7,5540,16.5,2450,20.14,4570,17.4,185,20,1410,23.05,103,23.9,4090,20.9,4870,17.4
"148",16300,12,47500,15,116370.83,12.13,1500,5.43,62.2,33,103,17.28,278,23.09,8840,15.6,5320,18.13,2300,21.34,4450,19.02,199,21.62,1160,23.75,96,24.61,3490,22.45,4810,18.2
"149",15500,13,44200,15.7,109716.67,12.47,1500,5.43,62.2,33,98,18.69,249,24.32,8560,16.4,5590,19.11,2450,22.14,4790,20.01,179,22.63,1180,24.65,94,25.52,3000,24.54,4580,18.9
"150",15200,13.5,43600,16.3,97479.17,12.31,1500,5.38,62.2,33,97,19.56,231,24.32,8470,16.9,5820,18.43,2450,21.58,5270,19.32,180,21.93,1140,24.65,90,25.52,2660,25.8,4580,18.9
"151",15000,13.5,42900,16.5,104950,12.33,1500,5.39,62.2,33,93,19.36,210,23.53,8360,17,5720,19.11,2450,22.14,5120,20.01,184,22.63,1120,24.07,90,24.93,2320,25.52,4550,18.4
"152",15200,14,45800,16.4,95150,12.78,1504.17,5.3,62.2,33,102,18.44,197,22.62,8090,17.4,5090,19.11,2430,22.14,4590,20.01,183,22.63,1180,23.41,92,24.27,2160,24.17,4560,17.8
"153",15700,13.5,45500,16.2,79991.67,12.79,1500,5.3,62.2,33,110,16.25,190,20.38,7620,17.4,4960,18.43,2430,21.58,4310,19.32,174,21.93,1240,21.83,113,22.68,2140,20.9,4570,17.1
"154",16800,12.5,45900,15.8,81233.33,12.63,1500,5.29,62.2,33,112,16.25,179,19.07,7750,17,4790,16.9,2460,20.42,4040,17.79,183,20.39,1350,20.91,117,21.75,2000,20.9,4570,16.8
"155",14200,13,43900,15.8,98108.33,13.04,4295.83,5.22,62.2,33,102,16.61,173,19.07,7920,16.7,4200,15.65,2440,19.54,3640,16.55,183,19.16,1430,20.91,98,21.75,2130,21.44,4600,17.1
"156",12500,14.5,38800,16.4,114512.5,12.95,2200,5.38,62.2,33,95,18.17,215,23.53,7590,17.2,3820,17.8,2410,21.09,3380,18.69,161,21.3,1180,24.07,79,24.93,2600,23.78,4760,18.6
"157",11800,16,35900,17.4,100441.67,13,2200,5.39,62.2,33,88,19.15,215,24.32,7260,18.1,3670,19.46,2370,22.45,3360,20.36,148,23,928,24.65,63,25.52,2280,25.21,4640,19.5
"158",11500,17,36900,18.3,110041.67,13.15,2200,5.42,62.2,33,84,19.91,179,25.54,6710,20,3780,20.38,131,23.32,3580,21.29,138,23.98,820,25.58,53,26.48,1970,26.3,4560,20
"159",11100,18,37200,19.1,119408.33,13.68,4500,5.27,62.2,33,82,20.48,156,26.39,6260,21.6,3840,20.72,1640,23.68,3810,21.64,152,24.35,776,26.28,53,27.19,1740,27.1,4390,20.6
"160",10700,18.5,37100,19.9,97254.17,13.45,4500,5.29,62.2,33,78,20.35,140,26.01,5930,22.3,3690,20.65,1850,23.61,3820,21.57,120,24.28,791,25.96,51,26.86,1550,26.92,4380,20.4
"161",10300,19,34700,20,98337.5,13.32,3108.33,5.7,62.2,33,77,19.74,122,26.01,5560,22.7,3420,20.59,2400,23.54,3580,21.51,105,24.21,783,25.96,39,26.86,1360,26.06,4410,19
"162",9620,18.5,33500,19.9,102350,13.31,3120.83,5.76,62.2,33,75,19.36,111,25.54,5130,22.8,3090,20.52,2410,23.47,3260,21.44,98,24.14,701,25.58,33,26.48,1210,25.52,4560,18.7
"163",8540,19,32600,19.9,106208.33,13.27,3108.33,5.77,62.2,33,72,18.93,103,23.09,4750,21.9,2860,19.35,2400,22.35,3000,20.25,109,22.88,689,23.75,28,24.61,1070,24.89,4570,18.3
"164",7770,18.5,29400,19.2,101141.67,13.37,2900,5.72,62.2,33,70,16.61,94,16.92,4260,20.8,2610,16.09,2400,19.84,2680,16.98,120,19.59,664,19.37,24,20.2,983,21.44,4490,18.1
"165",7060,18,27200,18.8,98220.83,13.55,2904.17,5.79,62.2,33,70,17.28,89,21.57,3930,20.2,2330,16.71,2400,20.28,2330,17.6,135,20.2,677,22.66,24,23.52,903,22.45,4410,17.9
"166",6430,18,26400,18.9,118208.33,14.31,2904.17,5.81,62.2,33,70,18.44,86,22.62,3690,20.1,2100,17.8,2390,21.09,2090,18.69,131,21.3,830,23.41,34,24.27,829,24.17,4420,18.1
"167",5970,18,24600,19.4,93170.83,14.39,3000,5.79,62.2,33,66,19.15,82,23.94,3480,20.8,1930,19.11,1670,22.14,1950,20.01,125,22.63,826,24.37,31,25.24,763,25.21,4530,18.4
"168",5640,19.5,23300,20,88970.83,14.42,5300,5.36,62.2,33,64,19.56,84,23.09,3330,21.6,1850,20.23,931,23.16,1920,21.13,115,23.81,787,23.75,24,24.61,691,25.8,4510,18.5
"169",5380,19.5,22100,20,89841.67,14.32,5300,5.29,62.2,33,61,19.56,73,25.28,3170,22,1790,19.97,919,22.91,1880,20.87,140,23.53,740,25.38,22,26.26,634,25.8,4470,18.9
"170",5090,20,21900,20,74470.83,14.22,5304.17,5.34,62.2,33,61,19.15,66,20.99,2960,21.8,1720,19.57,934,22.54,1820,20.47,120,23.11,701,22.26,20,23.11,575,25.21,4370,18.7
"171",4830,20,21400,20.2,79312.5,14.12,5300,5.28,62.2,33,61,18.17,60,20.38,2820,21.7,1620,16.71,939,20.28,1720,17.6,123,20.2,682,21.83,19,22.68,523,23.78,4380,18.7
"172",4590,20.5,20800,20.1,72700,14.17,5300,5.3,62.2,33,63,18.44,56,23.53,2670,21.3,1540,18.28,529,21.47,1620,19.17,123,21.78,713,24.07,21,24.93,477,24.17,4370,18.6
"173",4330,20.5,20300,20.3,88258.33,14.52,5300,5.28,62.2,33,64,18.93,54,22.62,2600,21.3,1440,18.58,1660,21.7,1510,19.47,128,22.08,724,23.41,24,24.27,449,24.89,4390,18.5
"174",4100,21,20100,20.5,79650,14.92,7391.67,5.26,62.2,33,61,19.36,54,22.11,2400,21.8,1360,19.11,1610,22.14,1420,20.01,137,22.63,709,23.05,23,23.9,428,25.52,4390,18.9
"175",3890,21,20200,20.5,79679.17,15,7416.67,5.26,62.2,33,60,19.36,49,25.54,2220,22.2,1300,19.88,1090,22.82,1370,20.78,137,23.43,710,25.58,18,26.48,395,25.52,4390,19
"176",3710,22,18800,20.9,103970.83,15.3,8683.33,5.24,62.2,33,60,19.91,44,24.99,2130,22.9,1240,19.35,1050,22.35,1350,20.25,145,22.88,620,25.15,15,26.03,380,26.3,4450,19.8
"177",3540,23,17800,21.5,121883.33,15.66,8591.67,5.28,62.2,33,57,20.71,41,26.55,2090,23.9,1200,20.45,1860,23.4,1360,21.37,157,24.06,666,26.42,14,27.34,359,27.41,4440,21
"178",3380,24,19900,22.1,108716.67,15.6,11950,5.25,62.2,33,55,21.07,39,27.06,2030,24.9,1180,20.99,2460,24,1420,21.91,150,24.66,746,26.89,11,27.82,338,27.89,4440,21.7
"179",3220,25.5,18700,22.7,105900,15.67,13120.83,5.29,62.2,33,52,21.49,38,27.06,1990,25.8,1160,21.2,2470,24.28,1490,22.14,130,24.91,790,26.89,11,27.82,315,28.42,4450,21.2
"180",3070,26,18300,22.9,108525,15.81,13116.67,5.32,62.2,33,51,21.22,35,27.16,1950,26.2,1150,21.34,3560,24.47,1590,22.28,129,25.08,820,26.98,11,27.91,292,28.08,4460,21.5
"181",2940,26,18300,23.1,118554.17,15.84,9600,5.34,62.2,33,50,20.99,36,26.39,1920,26.5,1190,20.88,3270,23.88,1710,21.81,128,24.54,843,26.28,18,27.19,283,27.79,4450,22.1
"182",2870,26,19000,23.1,112833.33,16.07,9591.67,5.36,62.2,33,48,20.81,32,26.55,1930,26.6,1140,20.77,2790,23.75,1630,21.7,141,24.42,805,26.42,16,27.34,260,27.55,4470,22.2
"183",2730,26.5,17400,23.5,103608.33,15.97,5437.5,5.47,62.2,33,46,20.91,33,26.39,1870,26.4,1060,20.72,2550,23.68,1500,21.64,140,24.35,735,26.28,13,27.19,244,27.67,4480,22.1
"184",2560,26.5,16700,23.7,106070.83,15.84,5366.67,5.52,62.2,33,45,20.91,30,27.4,1650,27.1,987,21.08,2460,24.12,1400,22.01,122,24.77,650,27.22,13,28.16,239,27.67,4460,22
"185",2430,26.5,16200,23.8,107291.67,15.89,5366.67,5.55,62.2,33,42,20.99,27,26.95,1530,27.1,922,21.2,2470,24.28,1310,22.14,105,24.91,631,26.78,15,27.71,227,27.79,4430,21.6
"186",2330,26,16500,23.6,106970.83,16.01,5400,5.56,62.2,33,42,20.71,27,25.79,1440,25.6,871,20.94,152,23.94,1230,21.86,105,24.6,598,25.78,13,26.68,214,27.41,4420,21.6
"187",2230,26,15400,23.5,86379.17,15.91,7500,5.48,62.2,33,42,20.48,27,26.39,1380,25.2,823,20.23,1680,23.16,1150,21.13,116,23.81,612,26.28,14,27.19,198,27.1,4430,21.8
"188",2160,26,16100,23.4,84258.33,15.95,7529.17,5.53,62.2,33,43,20.6,26,25.79,1310,25.7,781,20.65,1570,23.61,1080,21.57,114,24.28,617,25.78,11,26.68,183,27.26,4480,21.7
"189",2110,26,18000,23,98233.33,16.07,7529.17,5.51,62.2,33,44,20.81,24,26.55,1230,25.7,753,20.59,3120,23.54,1030,21.51,114,24.21,569,26.42,11,27.34,179,27.55,4470,21.5
"190",2100,25.5,16700,23.1,86825,16.21,9091.67,5.48,62.2,33,43,20.71,24,26.7,1140,26.2,719,20.77,2670,23.75,975,21.7,103,24.42,588,26.55,7.8,27.47,171,27.41,4460,21.6
"191",2020,25,15900,22.7,72470.83,16,12520.83,5.4,62.2,33,44,20.81,22,26.83,1090,26.6,685,21.24,2470,24.33,940,22.18,95,24.96,626,26.67,4.8,27.6,158,27.55,4540,20.5
"192",2080,24,14700,22.4,66937.5,15.94,12250,5.44,62.2,33,54,19.36,20,25.54,1060,26.1,672,21.16,2470,24.23,909,22.1,87,24.87,664,25.58,2.3,26.48,143,25.52,4570,20
"193",2640,23.5,15700,22.2,88416.67,16.18,12575,5.47,62.2,33,56,19.74,17,23.09,1060,25.4,709,18.99,118,22.03,871,19.88,85,22.5,735,23.75,1.4,24.61,132,26.06,4600,19.4
"194",2830,23.5,17500,21.9,96654.17,16.71,10545.83,5.55,62.2,33,54,18.93,16,23.09,1050,25.5,741,19.23,919,22.25,812,20.13,91,22.75,782,23.75,21,24.61,124,24.89,4700,19.4
"195",2570,23.5,15100,22,112266.67,16.87,7550,5.68,62.2,33,56,19.15,16,23.09,1160,25.4,695,19.23,865,22.25,762,20.13,105,22.75,791,23.75,20,24.61,122,25.21,4780,19.5
"196",2470,23.5,16600,22.1,112858.33,17.14,7562.5,5.67,62.2,33,52,19.91,17,24.32,1230,25.3,654,19.11,905,22.14,711,20.01,104,22.63,749,24.65,15,25.52,125,26.3,4750,19.3
"197",2220,23.5,17500,21.8,112420.83,17.17,9112.5,5.66,62.2,33,50,19.15,20,23.53,1120,24.3,614,19.97,1710,22.91,671,20.87,123,23.53,659,24.07,10,24.93,172,25.21,4690,19
"198",2030,23,17200,21.7,110687.5,17.36,9745.83,5.74,62.2,33,51,19.36,19,24.99,1030,23.4,585,18.72,1690,21.81,636,19.61,120,22.22,631,25.15,8.4,26.03,293,25.52,4590,18.8
"199",1900,23.5,18000,21.9,105454.17,17.47,9783.33,5.8,62.2,33,51,19.74,20,24.32,980,23.7,558,19.68,1660,22.64,599,20.58,122,23.22,598,24.65,8.1,25.52,304,26.06,4560,18.9
"200",1820,24,18600,22.2,98354.17,17.72,9833.33,5.79,62.2,33,49,20.35,21,26.01,920,25.1,529,20.38,124,23.32,571,21.29,117,23.98,579,25.96,11,26.86,291,26.92,4520,19.4
"201",1750,24.5,17700,22.7,99150,17.85,9804.17,5.8,62.2,33,47,20.71,18,26.01,884,26.2,507,20.94,1680,23.94,562,21.86,120,24.6,560,25.96,9.7,26.86,254,27.41,4460,19.7
"202",1680,25,18000,22.7,79350,17.45,9870.83,5.88,62.2,33,44,20.22,16,23.94,853,25.7,485,20.65,1710,23.61,564,21.57,103,24.28,574,24.37,6.5,25.24,231,26.73,4360,19.2
"203",1600,24.5,20700,22.5,89412.5,17.82,9858.33,5.88,62.2,33,45,19.15,17,22.11,824,24.9,475,19.78,1710,22.73,559,20.68,93,23.33,593,23.05,1.5,23.9,202,25.21,4370,18.4
"204",1550,24.5,19300,22.3,102195.83,18.26,9845.83,5.9,62.2,33,47,19.15,17,23.09,788,24.7,459,18.99,1710,22.03,533,19.88,93,22.5,617,23.75,0.86,24.61,183,25.21,4320,18.2
"205",1570,24,19300,22.5,110033.33,18.34,7704.17,6,62.2,33,45,19.74,18,24.32,733,24.5,447,19.35,1720,22.35,504,20.25,103,22.88,617,24.65,0.5,25.52,163,26.06,4200,18.5
"206",1700,24,17000,22.9,89954.17,17.85,7795.83,6.04,62.2,33,48,19.36,18,20.38,710,23.4,430,19.57,1710,22.54,484,20.47,121,23.11,635,21.83,0,22.68,141,25.52,4160,18.5
"207",1620,23.5,17400,22.8,80487.5,17.84,9995.83,5.98,62.2,33,50,18.44,17,19.74,713,22.1,421,17.28,110,20.7,487,18.17,117,20.77,659,21.38,0.51,22.22,121,24.17,4120,17.8
"208",1530,22.5,16200,22.1,91762.5,17.96,9900,6.15,62.2,33,50,17.28,16,20.99,712,21.9,413,17.28,1710,20.7,488,18.17,134,20.77,739,22.26,1.5,23.11,113,22.45,4120,17.3
"209",1580,22,15300,21.9,111416.67,18.11,9958.33,6.15,62.2,33,49,17.89,16,22.11,696,22.5,407,17.63,1700,20.97,464,18.52,135,21.12,763,23.05,1.1,23.9,105,23.36,4090,17.8
"210",1880,22,17400,22.4,108645.83,18.53,7758.33,6.22,62.2,33,50,19.56,14,23.53,688,23.5,394,18.72,665,21.81,450,19.61,133,22.22,678,24.07,16,24.93,96,25.8,4190,18.6
"211",1750,23,19000,22.9,101433.33,18.68,7837.5,6.22,62.2,33,46,20.48,13,25.28,682,24.5,377,19.88,576,22.82,453,20.78,127,23.43,612,25.38,9.6,26.26,90,27.1,4220,19.1
"212",1550,24,21500,23.3,101500,18.69,9995.83,6.27,62.2,33,43,20.91,10,26.39,651,25.3,360,20.45,668,23.4,445,21.37,120,24.06,607,26.28,6.5,27.19,90,27.67,4190,19.7
"213",1440,24.5,19400,23.3,93870.83,18.51,10008.33,6.27,62.2,33,42,20.99,8.1,25.79,601,25.1,345,21.03,474,24.06,430,21.96,115,24.71,635,25.78,1.6,26.68,81,27.79,4180,19.8
"214",1360,24.5,19700,23.2,90991.67,18.47,10041.67,6.27,62.2,33,44,20.71,7.7,26.21,613,25,334,21.03,110,24.06,419,21.96,115,24.71,626,26.13,0.17,27.03,73,27.41,4200,19.3
"215",1300,24,19700,22.9,100791.67,18.69,6454.17,6.39,62.2,33,45,20.48,10,25.28,606,25.3,324,20.94,396,23.94,424,21.86,116,24.6,626,25.38,0.03,26.26,62,27.1,4230,18.3
"216",1250,24,17700,22.9,112229.17,18.84,7591.67,6.44,62.2,33,48,20.48,9.2,25.28,580,24.6,315,20.14,462,23.08,418,21.05,109,23.72,635,25.38,1.8,26.26,55,27.1,4230,18
"217",1240,24,17100,23.2,104629.17,18.72,7612.5,6.55,62.2,33,44,19.74,8.1,23.09,561,23.3,310,19.97,596,22.91,411,20.87,116,23.53,664,23.75,0.9,24.61,51,26.06,4110,18.1
"218",1260,23.5,15600,23,109712.5,18.59,7641.67,6.56,62.2,33,48,18.69,8,21.57,541,22.7,304,18.99,501,22.03,402,19.88,128,22.5,612,22.66,0.05,23.52,49,24.54,4080,18.3
"219",1360,23,13000,22.9,106745.83,18.84,5633.33,6.78,62.2,33,48,18.93,11,22.62,534,22.9,302,18.43,501,21.58,396,19.32,141,21.93,602,23.41,0.86,24.27,49,24.89,4070,18.7
"220",1300,23,12600,23,95400,18.93,5700,6.74,62.2,33,47,19.74,11,24.32,517,23.8,299,19.23,504,22.25,400,20.13,148,22.75,664,24.65,0.27,25.52,45,26.06,4020,19.1
"221",1220,22.5,12400,23,102266.67,19.04,5695.83,6.81,62.2,33,48,19.91,9.8,23.53,518,24.1,296,20.06,110,23,394,20.96,151,23.63,725,24.07,1.8,24.93,41,26.3,4040,19
"222",1190,23,12200,22.9,108191.67,19.27,5675,6.82,62.2,33,51,20.35,10,24.32,517,24.3,291,19.35,494,22.35,388,20.25,153,22.88,805,24.65,2.5,25.52,40,26.92,4090,18.9
"223",1210,23.5,12600,23.2,116916.67,19.22,5691.67,6.96,62.2,33,55,20.35,9.9,25.79,514,25,285,20.06,528,23,385,20.96,147,23.63,867,25.78,7,26.68,37,26.92,4140,18.9
"224",1190,24,13800,23.5,117545.83,19.31,5687.5,7.05,62.2,33,52,21.28,10,26.7,496,25.4,281,20.31,497,23.24,390,21.21,148,23.89,876,26.55,15,27.47,32,28.16,4150,19.8
"225",1170,24.5,14800,23.9,129275,19.45,5704.17,7.05,62.2,33,49,20.91,9.2,26.55,476,25.7,276,20.88,488,23.88,394,21.81,156,24.54,834,26.42,15,27.34,30,27.67,4150,20.2
"226",1130,24,13300,23.7,114604.17,19.43,7487.5,7.06,62.2,33,46,20.35,6.8,25.28,477,25.2,268,20.94,666,23.94,397,21.86,143,24.6,744,25.38,5,26.26,27,26.92,4210,19.4
"227",1080,23,13900,23.4,110354.17,19.19,7500,6.91,62.2,33,45,19.15,6.3,22.62,483,23.8,261,19.57,475,22.54,416,20.47,131,23.11,758,23.41,1.1,24.27,28,25.21,4220,18.5
"228",1050,22,12200,22.9,117854.17,19.36,5700,7.3,62.2,33,47,18.44,6.9,20.99,505,23.3,272,17.97,110,21.22,413,18.86,148,21.46,829,22.26,1.8,23.11,29,24.17,4240,17.9
"229",1020,21.5,12000,22.6,127904.17,19.39,5729.17,7.31,62.2,33,49,18.69,6.4,23.09,518,23.3,273,18.28,433,21.47,395,19.17,160,21.78,853,23.75,0.45,24.61,28,24.54,4210,18
"230",1020,21.5,12000,22.5,120808.33,19.34,5700,7.34,62.2,33,48,19.36,6,23.94,647,23.2,262,19.11,475,22.14,380,20.01,169,22.63,782,24.37,7.2,25.24,27,25.52,4150,18.4
"231",1010,21,12500,22.6,125916.67,19.36,5745.83,7.41,62.2,33,45,20.07,5.8,24.99,694,22.7,250,19.97,816,22.91,355,20.87,174,23.53,749,25.15,5.2,26.03,26,26.52,4150,18.8
"232",998,21,12000,22.8,119937.5,19.26,5779.17,7.45,62.2,33,44,19.91,5.3,24.99,621,22.5,242,20.38,965,23.32,354,21.29,186,23.98,730,25.15,4,26.03,22,26.3,4100,18.7
"233",982,20.5,11900,22.5,117850,19.03,5220.83,7.43,62.2,33,44,18.44,4.6,22.62,551,21.1,230,20.14,1240,23.08,354,21.05,183,23.72,744,23.41,0.97,24.27,19,24.17,4010,18.1
"234",961,19.5,11900,21.9,110262.5,19.11,5716.67,7.32,62.2,33,47,17.59,4.5,18.38,541,19.5,234,17.09,1240,20.56,348,17.98,181,20.58,768,20.41,0.21,21.25,19,22.92,4030,17.4
"235",942,18.5,12000,21.5,100925,19.3,5791.67,7.61,62.2,33,49,18.17,4,21.57,526,19,242,16.9,1240,20.42,328,17.79,180,20.39,815,22.66,0,23.52,20,23.78,4010,16.7
"236",955,18,12000,21.4,120762.5,19.4,5154.17,7.64,62.2,33,49,18.93,4.2,22.62,526,18.5,241,17.8,1240,21.09,318,18.69,186,21.3,871,23.41,0.07,24.27,20,24.89,4000,17.3
"237",957,18,11600,21.5,131054.17,19.49,4600,7.67,62.2,33,49,19.56,3.8,22.11,538,19.2,238,17.97,1250,21.22,307,18.86,199,21.46,909,23.05,10,23.9,21,25.8,3940,17.6
"238",947,17.5,12100,21.6,102354.17,19.49,5308.33,7.64,62.2,33,48,19.74,4,23.94,545,19.5,239,19.35,1240,22.35,297,20.25,204,22.88,919,24.37,11,25.24,23,26.06,3920,18
"239",938,18,12300,22,101962.5,19.37,5800,7.6,62.2,33,45,20.07,4.1,24.99,540,19.9,239,19.35,1240,22.35,300,20.25,204,22.88,862,25.15,22,26.03,22,26.52,3960,18.3
"240",920,18,12200,21.9,101541.67,19.34,5800,7.65,62.2,33,44,19.36,5.6,23.94,525,20.1,237,20.59,878,23.54,300,21.51,205,24.21,862,24.37,11,25.24,20,25.52,4170,17.8
"241",907,18.5,12000,21.5,88691.67,19.17,5812.5,7.86,62.2,33,46,18.17,5.7,22.62,525,19.9,236,18.85,872,21.93,314,19.75,205,22.36,951,23.41,6.2,24.27,18,23.78,4150,17.3
"242",918,18.5,12100,21.3,77054.17,19.03,5845.83,7.84,62.2,33,52,16.61,6.6,19.07,548,19.1,243,17.8,107,21.09,354,18.69,216,21.3,1300,20.91,5.5,21.75,18,21.44,4070,16.5
"243",1030,18.5,12000,21.2,106279.17,19.01,5883.33,7.87,62.2,33,56,16.95,8.1,19.07,558,18.2,253,16.3,788,19.99,508,17.19,227,19.8,2000,20.91,9.3,21.75,17,21.95,4090,16.3
"244",1140,18.5,12200,21.3,76787.5,19.1,5804.17,7.96,62.2,33,53,17.89,7.6,18.38,579,17.4,266,15.65,870,19.54,567,16.55,235,19.16,2030,20.41,33,21.25,19,23.36,4080,16.7
"245",1090,19,12000,21.2,71479.17,18.96,5891.67,7.96,62.2,33,52,16.61,7.4,17.66,551,17.7,280,16.71,880,20.28,607,17.6,231,20.2,1550,19.9,24,20.74,20,21.44,4060,17
"246",1030,18.5,12000,20.8,61045.83,18.8,5891.67,8.02,62.2,33,54,13.35,7.9,13.06,602,17.8,276,14.97,1240,19.06,678,15.86,221,18.48,1250,16.45,16,17.26,21,16.56,4030,16.1
"247",1090,18,12100,20.2,63795.83,18.8,5887.5,8.13,62.2,33,55,14.23,9.3,12.29,668,17.5,271,14.25,1230,18.56,661,15.14,214,17.76,1130,15.83,15,16.64,23,17.88,4030,15.5
"248",1290,17,12200,19.6,59716.67,18.77,5887.5,8.04,62.2,33,65,11.96,12,16.92,690,17.3,273,14,1240,18.39,599,14.9,220,17.51,1030,19.37,24,20.2,24,14.53,4060,15
"249",1630,16,12400,18.8,67729.17,18.85,5891.67,8.14,62.2,33,78,11.96,20,13.06,729,16.1,269,15.65,1240,19.54,573,16.55,220,19.16,997,16.45,88,17.26,23,14.53,4050,15
"250",1900,16,12800,18.7,51120.83,18.87,5983.33,8.16,62.2,33,75,14.23,20,17.66,707,16.4,266,12.72,1240,17.5,574,13.61,232,16.23,980,19.9,91,20.74,22,17.88,4060,15.4
"251",1570,16.5,13000,19.2,64279.17,18.82,5987.5,8.35,62.2,33,70,16.61,20,18.38,672,16.6,264,15.87,1240,19.69,547,16.77,239,19.38,949,20.41,61,21.25,22,21.44,4040,16.3
"252",1330,17.5,13200,19.9,70037.5,18.81,5983.33,8.41,62.2,33,66,18.17,19,21.57,650,16.9,265,16.09,1240,19.84,494,16.98,240,19.59,878,22.66,46,23.52,26,23.78,4010,17
"253",1190,18,13100,20.3,82616.67,18.81,5987.5,8.36,62.2,33,60,18.69,17,23.09,619,18.4,259,17.8,1230,21.09,440,18.69,237,21.3,786,23.75,29,24.61,29,24.54,3990,17.2
"254",1110,19,13000,20.7,89083.33,18.83,5983.33,8.38,62.2,33,56,19.36,18,23.09,628,19.7,252,18.43,1240,21.58,419,19.32,235,21.93,700,23.75,21,24.61,33,25.52,3990,17.2
"255",1060,19.5,13100,20.9,71595.83,18.8,5900,8.48,62.2,33,56,19.74,18,23.94,623,20.3,250,18.85,1240,21.93,405,19.75,234,22.36,660,24.37,17,25.24,33,26.06,3980,17.5
"256",1020,20,13000,21,57329.17,18.57,5904.17,8.58,62.2,33,54,18.93,15,22.11,617,20.1,240,19.35,1240,22.35,394,20.25,235,22.88,659,23.05,15,23.9,90,24.89,3980,17.2
"257",992,19.5,13700,20.4,64337.5,18.43,5979.17,8.55,62.2,33,54,16.25,15,11.54,587,18.4,235,17.8,1240,21.09,397,18.69,244,21.3,658,15.21,13,16.01,82,20.9,3950,15.6
"258",998,18.5,13900,19.9,65129.17,18.39,4900,8.75,62.2,33,57,15.08,15,8.09,575,17.1,241,11.66,1270,16.76,393,12.54,249,15.15,725,12.07,12,12.82,71,19.14,4000,14.2
"259",1220,18,12800,19.6,65950,18.37,4900,8.85,62.2,33,57,14.23,14,10.8,567,17,249,11.92,1270,16.95,363,12.81,253,15.42,819,14.58,15,15.37,63,17.88,4110,14.4
"260",1450,17,14000,19.3,65379.17,18.25,4983.33,9.11,62.2,33,61,14.23,22,15.39,570,16.5,252,13.24,1240,17.86,356,14.13,251,16.75,815,18.24,15,19.07,61,17.88,4160,15.2
"261",1490,16.5,14900,19.3,80479.17,18.18,2395.83,9.19,62.2,33,63,15.48,23,15.39,562,16.4,256,12.98,1240,17.68,370,13.87,253,16.49,804,18.24,18,19.07,55,19.75,4190,15.4
"262",1590,16.5,15300,19.5,60491.67,17.85,2400,9.17,62.2,33,61,16.25,22,17.66,560,16.6,260,14.97,1400,19.06,374,15.86,254,18.48,841,19.9,31,20.74,51,20.9,4250,15.8
"263",1410,17,14800,19.5,68275,17.66,1650,9.24,62.2,33,59,18.17,23,21.57,558,17.3,257,15.43,1500,19.38,365,16.33,260,18.94,896,22.66,21,23.52,46,23.78,4270,16.5
"264",1260,17,15700,19.9,88525,17.64,1600,9.26,62.2,33,59,17.89,24,19.74,564,17.6,252,17.46,1330,20.83,367,18.35,266,20.95,809,21.38,16,22.22,39,23.36,4380,16.8
"265",1170,17.5,17000,19.8,72704.17,17.55,1600,9.39,62.2,33,59,15.87,23,15.39,554,16.8,242,15.87,1250,19.69,409,16.77,266,19.38,765,18.24,13,19.07,35,20.33,4370,15.7
"266",1110,17.5,17400,19.6,85662.5,17.53,1600,9.16,62.2,33,59,16.25,26,13.83,532,16.5,239,13.75,1250,18.22,422,14.64,265,17.26,744,17.06,12,17.88,31,20.9,4370,14.9
"267",1070,17,17000,19.3,71616.67,17.34,1600,9.42,62.2,33,56,16.61,28,17.66,617,16.4,242,14,1250,18.39,405,14.9,270,17.51,763,19.9,11,20.74,33,21.44,4340,15.1
"268",1050,17,16800,19.2,71508.33,17.12,1600,9.5,62.2,33,56,17.28,25,18.38,769,16.5,240,15.87,1250,19.69,394,16.77,267,19.38,764,20.41,12,21.25,50,22.45,4210,15.3
"269",1030,16.5,16900,19.3,62354.17,16.96,1600,9.42,62.2,33,54,15.87,23,18.38,753,16.5,244,16.09,1250,19.84,415,16.98,260,19.59,799,20.41,12,21.25,56,20.33,4030,15.7
"270",999,16.5,15800,19,82833.33,17.01,1600,9.16,62.2,33,58,13.79,23,10.8,710,15.6,245,12.72,1250,17.5,422,13.61,250,16.23,798,14.58,9.7,15.37,63,17.23,4030,14.7
"271",975,15.5,15400,18.7,82787.5,17.06,1600,9.45,62.2,33,60,13.79,23,12.29,665,15.1,251,12.19,1300,17.13,405,13.08,245,15.69,869,15.83,12,16.64,62,17.23,4030,13.9
"272",962,15.5,14400,18.5,66954.17,16.86,1600,9.64,62.2,33,62,15.87,22,14.61,613,15,251,12.45,1340,17.32,387,13.35,244,15.96,965,17.66,7.9,18.48,57,20.33,4020,14.1
"273",959,15.5,12500,18.4,74437.5,16.89,1600,9.55,62.2,33,59,16.61,20,17.66,595,15.1,249,13.49,1330,18.04,388,14.39,244,17.01,1000,19.9,6.5,20.74,56,21.44,4010,14.5
"274",956,15.5,13800,18.6,87720.83,16.88,1600,9.41,62.2,33,60,16.61,23,17.66,595,15.5,248,15.2,2460,19.22,376,16.1,243,18.71,845,19.9,4.9,20.74,58,21.44,4020,14.8
"275",951,15.5,14000,18.6,66475,16.8,1600,9.45,62.2,33,59,16.61,27,19.07,582,15.4,257,14.97,2460,19.06,355,15.86,237,18.48,912,20.91,6.8,21.75,58,21.44,4080,14.7
"276",947,16,13900,18.6,67262.5,16.63,1600,9.48,62.2,33,61,16.25,28,18.38,565,14.6,271,15.2,2460,19.22,327,16.1,248,18.71,1040,20.41,6.4,21.25,63,20.9,4090,14.4
"277",935,15.5,14000,18.2,64995.83,16.61,1600,9.75,62.2,33,63,15.48,28,15.39,550,14.1,273,14.73,2460,18.9,294,15.63,255,18.24,820,18.24,9.3,19.07,67,19.75,4150,14.2
"278",930,15,14200,17.9,78687.5,16.75,1600,9.55,62.2,33,64,15.08,28,14.61,548,14.2,276,13.49,1870,18.04,285,14.39,255,17.01,797,17.66,15,18.48,69,19.14,4250,14
"279",921,14.5,14400,17.7,60100,16.67,1600,9.46,62.2,33,63,15.48,29,13.83,554,13.8,277,13.75,1870,18.22,277,14.64,255,17.26,906,17.06,17,17.88,73,19.75,4260,14.2
"280",927,14.5,14500,17.8,53595.83,16.54,1600,9.47,62.2,33,61,15.08,28,17.66,620,13.9,282,11.66,1860,16.76,277,12.54,256,15.15,840,19.9,13,20.74,102,19.14,4320,14.7
"281",960,15,14700,18,53083.33,16.47,1600,9.64,62.2,33,67,16.25,29,17.66,657,14.4,291,12.72,2460,17.5,310,13.61,255,16.23,772,19.9,13,20.74,156,20.9,4400,15
"282",1090,15,15100,18.3,56225,16.54,1600,9.82,62.2,33,68,18.44,29,19.07,665,15,299,14,2470,18.39,442,14.9,251,17.51,800,20.91,17,21.75,172,24.17,4850,15.4
"283",1120,15.5,15100,18.4,43841.67,16.3,1600,9.73,62.2,33,67,17.59,30,17.66,683,15.2,297,14,2460,18.39,493,14.9,260,17.51,850,19.9,24,20.74,176,22.92,4770,15.4
"284",1070,15.5,15000,18.1,64704.17,16.24,1600,9.22,62.2,33,69,15.48,31,16.16,713,14.7,310,15.2,2470,19.22,615,16.1,266,18.71,900,18.81,18,19.64,182,19.75,4540,15
"285",1120,15,14100,17.6,73670.83,16.3,1600,9.57,62.2,33,67,16.61,31,15.39,724,14.6,335,13.24,2450,17.86,1130,14.13,273,16.75,980,18.24,15,19.07,186,21.44,4950,14.5
"286",1200,15,13000,17.3,75725,16.27,1600,9.97,62.2,33,66,16.25,32,17.66,730,14.6,345,14.49,2460,18.73,947,15.39,275,18,1060,19.9,18,20.74,185,20.9,5240,14.3
"287",1140,14.5,13100,17.2,64445.83,15.98,1600,9.86,62.2,33,66,14.66,33,13.06,1060,14.1,332,13.49,2460,18.04,855,14.39,262,17.01,1660,16.45,19,17.26,191,18.52,5410,14.3
"288",1060,14,13000,17.1,69141.67,15.96,1600,9.78,62.2,33,68,14.23,32,14.61,1080,13.3,324,11.66,2460,16.76,782,12.54,217,15.15,1350,17.66,17,18.48,191,17.88,5360,13.9
"289",1010,13.5,13000,17,82395.83,16.02,1600,9.72,62.2,33,69,15.08,32,14.61,1000,12.8,320,11.66,2460,16.76,720,12.54,194,15.15,2010,17.66,16,18.48,191,19.14,4830,13.6
"290",989,13,13000,16.8,51812.5,15.69,1600,9.77,62.2,33,69,15.48,32,16.16,960,12.7,317,12.45,2460,17.32,670,13.35,216,15.96,2670,18.81,33,19.64,192,19.75,4230,13.7
"291",971,13,13000,16.7,58887.5,15.62,1600,9.72,62.2,33,70,15.08,33,14.61,930,12.8,318,12.72,2460,17.5,647,13.61,233,16.23,2160,17.66,37,18.48,199,19.14,4470,14.2
"292",1000,13,13200,16.7,52325,15.63,1600,9.68,62.2,33,72,14.66,33,16.92,908,13.3,326,10.33,2460,15.79,670,11.19,251,13.76,2040,19.37,41,20.2,201,18.52,4720,14.3
"293",1300,12.5,13500,16.6,73350,15.7,1600,9.61,62.2,33,72,13.79,33,13.06,892,13.5,331,13.49,2460,18.04,670,14.39,271,17.01,2260,16.45,35,17.26,206,17.23,4880,13.8
"294",1630,12.5,13700,16.2,71075,15.69,1600,9.68,62.2,33,72,11.96,34,10.08,880,12.9,327,11.39,2460,16.57,625,12.27,283,14.87,2510,13.95,36,14.73,206,14.53,4770,13.3
"295",1510,12,13800,15.8,75695.83,15.66,1629.17,9.8,62.2,33,72,12.89,36,10.8,895,12.4,322,10.33,2460,15.79,596,11.19,279,13.76,2510,14.58,31,15.37,206,15.89,4700,13.2
"296",1310,11,13700,15.4,81462.5,15.57,1600,9.76,62.2,33,72,10.09,36,7.48,900,11.6,321,11.92,2460,16.95,569,12.81,267,15.42,2340,11.46,26,12.2,211,11.86,4690,12.7
"297",1200,11,13600,15.1,60666.67,15.35,1600,9.82,62.2,33,73,11.02,35,8.72,900,10.7,319,9.8,2460,15.39,542,10.65,256,13.2,2170,12.69,25,13.45,211,13.18,4690,12.2
"298",1140,10.5,13500,14.9,62375,15.3,1600,9.97,62.2,33,73,11.49,36,8.09,885,10,317,7.08,2460,13.14,527,7.84,254,10.17,2020,12.07,27,12.82,216,13.86,4690,11.8
"299",1150,10,13400,14.9,74079.17,15.42,1600,9.66,62.2,33,72,11.96,36,10.8,883,10.5,321,7.31,2460,13.35,527,8.08,262,10.44,1780,14.58,31,15.37,217,14.53,4630,12
"300",1230,10.5,13500,14.9,74858.33,15.36,1600,9.64,62.2,33,73,11.02,37,8.09,877,10.3,325,9.54,2460,15.19,533,10.38,273,12.92,1770,12.07,32,12.82,223,13.18,4630,12.1
"301",1350,10.5,13600,14.5,71616.67,15.38,1600,9.89,62.2,33,75,9.62,38,8.72,871,10.2,322,8.52,2460,14.38,534,9.33,275,11.8,1760,12.69,33,13.45,227,11.21,4630,11.9
"302",1330,10.5,13600,14.4,71650,15.32,1600,9.7,62.2,33,77,12.89,39,7.48,867,10.5,322,7.31,2460,13.35,540,8.08,271,10.44,1630,11.46,35,12.2,227,15.89,4650,12.5
"303",1520,9.5,13800,14.2,66825,15.28,1600,9.6,62.2,33,78,13.35,39,17.66,864,10.8,326,9.28,2460,14.99,674,10.12,261,12.64,1710,19.9,44,20.74,229,16.56,4710,13
"304",2060,9.5,14000,14,47825,15.06,1600,9.56,62.2,33,89,14.66,41,13.83,889,11.2,342,13.24,2460,17.86,4480,14.13,256,16.75,1520,17.06,47,17.88,239,18.52,4800,13.7
"305",6990,10,14600,13.9,47500,14.89,1600,9.57,62.2,33,126,11.49,42,8.09,901,10.4,544,9.8,2460,15.39,9350,10.65,248,13.2,1550,12.07,104,12.82,257,13.86,5090,13
"306",7750,9,15200,13.5,68762.5,14.96,1600,9.72,62.2,33,119,9.17,44,7.48,1030,10.2,617,8.02,2460,13.97,6900,8.82,231,11.25,3940,11.46,194,12.2,270,10.58,5500,11.9
"307",4900,9,15400,12.8,73050,14.89,1600,9.76,62.2,33,112,7.43,46,5.4,2010,9.4,524,7.31,2460,13.35,4910,8.08,219,10.44,4330,9.15,106,9.82,270,8.25,5240,11
"308",3610,8,15200,12.2,72220.83,14.79,1600,9.32,62.2,33,102,6.63,73,3.85,1880,7.8,475,6.01,2460,12.11,3640,6.7,204,8.89,3470,7.13,84,7.71,282,7.22,5030,10.1
"309",3090,7,14800,11.7,71629.17,14.76,1600,9.36,62.2,33,96,5.54,83,6.91,1690,7.2,447,5.61,2460,11.7,2910,6.28,184,8.4,2930,10.86,81,11.58,284,5.86,4950,10.3
"310",2770,6.5,14700,11.5,88129.17,14.73,1600,9.6,62.2,33,96,7.85,84,4.56,1550,6.6,429,4.88,2460,10.9,2490,5.49,162,7.47,2530,8.1,77,8.72,292,8.8,4860,11
"311",2550,6.5,14600,11.5,86954.17,14.66,1600,10.02,62.2,33,90,10.09,74,4.19,1450,7.2,418,5.23,2460,11.3,2200,5.87,165,7.93,2200,7.6,90,8.21,297,11.86,4800,11
"312",2380,6,14400,11.5,83233.33,14.61,1600,10.23,62.2,33,89,9.17,71,7.48,1400,7.9,412,6.01,2460,12.11,2140,6.7,170,8.89,1960,11.46,91,12.2,297,10.58,4820,11.2
"313",2360,5.5,14400,11.4,92250,14.47,1600,9.92,62.2,33,99,7.85,74,4.97,1360,8.1,410,8.02,2460,13.97,2260,8.82,165,11.25,1920,8.61,93,9.26,297,8.8,4810,11.2
"314",2870,5.5,14500,11.3,83175,14.31,1600,9.18,62.2,33,105,7.02,71,2.99,1690,6.9,408,4.23,1800,10.11,2140,4.78,155,6.61,1830,5.84,109,6.35,290,7.72,4780,10.2
"315",2840,5,14500,10.7,78570.83,14.25,1600,9.18,62.2,33,100,7.02,67,5.4,1810,6.7,400,5.81,1760,11.91,2000,6.49,148,8.64,1740,9.15,114,9.82,286,7.72,4760,10
"316",2570,5,14500,10.2,91029.17,14.1,1600,9.3,62.2,33,99,6.25,74,3.25,1650,5.8,392,6.01,1740,12.11,1930,6.7,150,8.89,1650,6.24,97,6.78,290,6.74,4750,9.9
"317",2480,5.5,14300,10.2,85220.83,14.03,1600,9.88,62.2,33,97,11.96,87,13.83,1540,6.2,387,8.27,2300,14.17,3030,9.07,142,11.53,1570,17.06,91,17.88,301,14.53,4760,10.7
"318",2570,6,14200,10.4,79337.5,13.95,1600,10.23,62.2,33,98,11.96,78,13.83,1500,6.9,505,9.28,2300,14.99,10900,10.12,147,12.64,1470,17.06,101,17.88,303,14.53,4840,11.6
"319",2760,6,14200,10.2,70066.67,13.79,1600,10.14,62.2,33,98,10.55,78,3.85,1720,7.2,702,7.08,2300,13.14,10500,7.84,149,10.17,2120,7.13,110,7.71,307,12.51,4800,10.6
"320",2710,5.5,14300,9.9,97241.67,13.6,1600,9.49,62.2,33,96,5.89,75,2.33,2770,5.9,717,4.38,2300,10.3,7660,4.95,146,6.82,3770,4.74,124,5.19,310,6.29,4720,9.2
"321",2570,5,14100,9.7,87716.67,13.53,1600,9.19,62.2,33,91,9.62,70,8.72,2420,5.4,763,3.79,2390,9.53,9960,4.3,145,6.02,3450,12.69,117,13.45,305,11.21,4640,10
"322",2760,5,14300,9.2,74975,13.32,1600,8.91,62.2,33,101,6.63,70,4.97,2130,5,897,6.86,2420,12.94,17800,7.6,149,9.91,3270,8.61,132,9.26,303,7.22,5210,10
"323",3620,4,14800,8.9,74020.83,13.2,1600,8.59,62.2,33,112,4.9,70,2.53,2840,4.5,802,5.23,2450,11.3,12800,5.87,157,7.93,11600,5.09,217,5.55,313,5.08,5320,9.5
"324",3000,3.5,14500,8.8,87325,13.01,1600,9.19,62.2,33,101,4.9,74,2.15,3580,3.4,721,3.65,2300,9.34,8830,4.15,159,5.83,12100,4.42,184,4.84,323,5.08,5120,9.1
"325",2600,2.5,14200,8,87912.5,12.9,1600,9.2,62.2,33,96,4.04,86,1.92,2860,2.2,637,3.15,2450,8.6,6570,3.59,161,5.12,7620,3.98,147,4.37,325,4.08,5150,8.5
"326",1970,1,13800,7.4,86658.33,12.8,1600,9.2,62.2,33,93,4.31,85,1.72,2420,1.9,604,2.73,2450,7.9,5310,3.11,140,4.49,5810,3.58,132,3.93,331,4.39,4910,7.8
"327",1630,0.5,13300,7.3,83483.33,12.65,1600,9.34,62.2,33,91,4.9,96,1.23,2200,1.8,605,2.63,2450,7.73,4580,3,122,4.34,4910,2.52,124,2.78,377,5.08,4650,7.5
"328",2040,0.5,13100,7.3,97195.83,12.48,1600,9.44,62.2,33,93,4.31,86,2.53,2190,2,617,1.91,2450,6.3,4040,2.18,136,3.2,4390,5.09,131,5.55,417,4.39,4650,7.8
"329",2330,0.5,13300,7.4,90862.5,12.29,1600,9.22,62.2,33,92,4.04,79,2.33,2120,0.8,605,2.36,2450,7.23,3550,2.7,156,3.92,4030,4.74,154,5.19,392,4.08,4750,7.5
"330",2160,0,13800,6.6,94479.17,12.19,1600,9.22,62.2,33,87,2.91,64,1.65,1960,0.3,527,2.12,2450,6.76,3150,2.43,161,3.55,3620,3.45,192,3.8,334,2.83,4810,6.5
"331",1340,0,13900,5.7,102829.17,11.98,1600,8.78,62.2,33,82,2.39,55,1.23,1720,0.3,475,1.98,2450,6.45,2850,2.26,160,3.31,3240,2.52,166,2.78,316,2.28,4640,5.8
"332",1020,0,13100,5.5,96408.33,11.74,1600,8.5,62.2,33,82,1.98,58,0.99,1450,0.3,450,1.78,2450,6.01,2600,2.04,158,2.99,2990,1.92,166,2.12,328,1.85,4390,5.3
"333",900,0,12500,5.5,83204.17,11.46,1600,8.35,62.2,33,84,2.11,60,0.99,1370,0.3,420,1.62,2440,5.6,2420,1.84,155,2.71,2850,1.92,180,2.12,375,1.98,4250,4.8
"334",1060,0,12000,5.5,98920.83,11.29,1600,8.08,62.2,33,82,2.24,62,1.04,1240,0.3,430,1.34,2440,4.83,2250,1.52,151,2.22,2650,2.05,177,2.26,337,2.12,4250,5.4
"335",1210,0,12000,5.4,111208.33,11.22,1600,8.36,62.2,33,82,2.39,65,1.31,1120,0.3,440,1.47,2440,5.2,2120,1.67,150,2.45,2560,2.7,175,2.98,376,2.28,4290,5.2
"336",1570,0,12300,5.4,101466.67,11.11,1600,8.81,62.2,33,84,4.9,64,1.6,1090,0.3,457,1.78,2440,6.01,2050,2.04,153,2.99,2390,3.33,180,3.67,260,5.08,4350,5.2
"337",1920,0,12700,5.1,95320.83,10.99,1600,8.9,62.2,33,84,5.89,67,2.15,1150,0.3,467,2.05,2400,6.6,2030,2.34,158,3.43,2290,4.42,180,4.84,286,6.29,4500,6.1
"338",2180,0,13300,5.3,83695.83,10.85,1600,8.98,62.2,33,87,4.9,68,1.85,1310,0.3,485,2.63,2450,7.73,1960,3,160,4.34,2270,3.84,149,4.22,264,5.08,4810,6.7
"339",2440,0,13800,5.2,92633.33,10.71,1600,8.65,62.2,33,86,5.54,67,1.6,1510,0.3,498,3.52,2450,9.15,1900,4,160,5.64,2260,3.33,150,3.67,298,5.86,4730,7.2
"340",2380,0,14000,5.3,75445.83,10.5,1700,8.82,62.2,33,86,9.17,69,4.56,1610,0.3,549,2.73,2450,7.9,1920,3.11,169,4.49,2200,8.1,166,8.72,337,10.58,4470,7.6
"341",2420,0,14600,5.6,78300,10.3,1700,8.85,62.2,33,106,9.62,84,3.85,1620,1.4,561,3.79,2450,9.53,1920,4.3,191,6.02,2250,7.13,199,7.71,401,11.21,4590,8.7
"342",5090,0.5,16100,5.9,72704.17,10.21,1700,8.59,62.2,33,176,11.96,95,4.76,1570,2.3,577,3.27,2450,8.78,2790,3.73,210,5.29,2550,8.35,1020,8.99,449,14.53,6730,9.5
"343",8490,1,18400,6.5,86233.33,9.93,1700,8.47,62.2,33,188,11.49,197,5.87,1570,2.8,789,5.42,1870,11.5,13200,6.07,224,8.16,3640,9.7,1150,10.39,447,13.86,7240,9.8
"344",8840,1.5,19900,6.2,67154.17,9.72,1700,7.87,62.2,33,212,7.02,523,4.19,1590,3,1140,5.61,1930,11.7,11800,6.28,230,8.4,11300,7.6,1160,8.21,516,7.72,7450,8.7
"345",6940,2,21000,5.5,78737.5,9.68,1700,7.85,62.2,33,192,7.02,649,2.99,2240,3.1,1010,3.27,2450,8.78,8720,3.73,228,5.29,20400,5.84,1090,6.35,806,7.72,7030,7.6
"346",5460,2.5,21900,5.5,57100,9.5,1700,7.9,62.2,33,173,6.25,578,3.25,2460,2.8,940,3.39,2450,8.97,6890,3.86,224,5.46,17700,6.24,851,6.78,1010,6.74,6230,7.5
"347",4850,2.5,20200,5.6,68316.67,9.32,1700,7.82,62.2,33,167,7.02,426,4.19,2300,2.2,923,3.39,2450,8.97,5910,3.86,229,5.46,10700,7.6,746,8.21,1440,7.72,6180,7.7
"348",4730,2.5,20200,5.7,80795.83,9.2,1700,7.5,62.2,33,157,5.54,342,3.25,2130,2.1,873,4.23,2450,10.11,5090,4.78,224,6.61,8310,6.24,859,6.78,1330,5.86,6260,7.2
"349",4280,2.5,20200,5.7,96483.33,8.94,1700,7.31,62.2,33,147,4.9,325,1.99,2000,1.6,821,3.65,2450,9.34,4500,4.15,211,5.83,7100,4.12,755,4.52,1200,5.08,5660,6.5
"350",3970,2.5,20200,5.5,90983.33,8.87,1700,7.06,62.2,33,139,3.55,296,2.15,1880,1.6,795,3.15,2450,8.6,4070,3.59,202,5.12,6300,4.42,619,4.84,1170,3.52,5180,6.6
"351",3640,1,18300,4.7,102475,8.74,1700,6.7,62.2,33,133,3.11,253,1.85,1750,0.9,761,3.27,2450,8.78,3730,3.73,197,5.29,5730,3.84,547,4.22,1110,3.04,5200,6.4
"352",3350,0.5,18200,4.7,99791.67,8.73,1700,7.07,62.2,33,133,5.89,216,1.23,1690,0.7,752,1.98,2450,6.45,3550,2.26,196,3.31,5380,2.52,516,2.78,1020,6.29,5560,6.1
"353",3640,1,18300,4.9,96191.67,8.54,1695.83,7.41,62.2,33,132,5.05,182,1.16,1540,0.9,750,2.05,2450,6.6,3310,2.34,195,3.43,5110,2.35,781,2.59,1060,5.26,7240,6.5
"354",3720,1,19100,5.2,88716.67,8.36,1700,7.04,62.2,33,128,4.31,187,1.6,1490,0.8,712,2.05,2450,6.6,3100,2.34,191,3.43,4810,3.33,962,3.67,1110,4.39,6820,6.2
"355",3440,1,19500,5,72312.5,8.25,1700,6.77,62.2,33,131,5.54,207,1.49,1500,0.4,704,2.05,2450,6.6,2970,2.34,191,3.43,4570,3.11,821,3.42,1880,5.86,6490,6.5
"356",3360,1.5,19300,4.7,81691.67,8.05,1700,6.81,62.2,33,146,5.54,224,0.99,1420,0.6,705,1.73,1470,5.87,2850,1.97,196,2.9,4500,1.92,799,2.12,1920,5.86,7160,6.7
"357",3390,1.5,19800,4.7,80783.33,7.87,1700,6.52,62.2,33,144,4.04,240,1.6,1520,0.9,681,1.67,1060,5.73,2720,1.9,199,2.8,4350,3.33,831,3.67,1590,4.08,6880,6.7
"358",3210,1.5,20700,4.7,81870.83,7.78,1700,6.36,62.2,33,136,4.9,245,1.16,1500,1.1,676,1.78,1120,6.01,2610,2.04,195,2.99,4150,2.35,745,2.59,1510,5.08,6500,6.4
"359",3060,1,19500,4.5,57108.33,7.57,1700,6.29,62.2,33,129,3.79,232,0.91,1450,0.7,654,1.91,1290,6.3,2460,2.18,186,3.2,4010,1.68,628,1.86,1470,3.79,6210,6
"360",2920,1.5,18600,4.3,80066.67,7.34,1600,6.32,62.2,33,124,3.55,209,0.76,1450,0.3,579,1.62,1290,5.6,2290,1.84,177,2.71,3740,1.25,547,1.36,1350,3.52,5940,5.5
"361",2650,1,17100,3.8,74954.17,7.25,1600,6.29,62.2,33,119,3.79,195,1.49,1400,0.3,575,1.47,1290,5.2,2200,1.67,172,2.45,3560,3.11,477,3.42,1200,3.79,5650,5.6
"362",2330,0.5,17900,3.7,85120.83,7.3,1600,6.43,62.2,33,116,3.11,172,1.39,1350,0.4,620,1.56,1290,5.46,2130,1.78,170,2.62,3530,2.89,443,3.19,1030,3.04,5500,6
"363",2480,0,18400,3.7,101237.5,7.12,1600,6.4,62.2,33,113,3.11,160,1.6,1350,0.3,586,1.78,1290,6.01,2050,2.04,169,2.99,3520,3.33,403,3.67,945,3.04,5430,6.2
"364",2630,0,20500,3.9,102587.5,6.84,1600,6.13,62.2,33,109,2.56,155,0.99,1350,0.3,576,1.91,1700,6.3,1960,2.18,168,3.2,3570,1.92,388,2.12,948,2.45,5350,6
"365",2390,0,20700,3.5,89475,6.74,1600,5.87,62.2,33,101,1.98,144,0.84,1420,0.4,511,1.47,2490,5.2,1850,1.67,165,2.45,3480,1.49,376,1.63,974,1.85,5260,5.1
