"","Methow","Tucannon","John Day","Palouse","Walla Walla","Chelan","Wenatchee","Crab Creek","Yakima"
"1",0.843658536096127,1.16488784458792,1.16128371131326,0.935954808786504,1.31078138857602,1.18485658232971,0.738956092277191,1.83954387426977,1.28215829616494
"2",0.859828008732735,1.77409350616582,1.80105834252338,1.02929883361076,1.48227093390959,1.21897980131616,0.74567184027112,1.89827866061123,1.44766835440068
"3",0.934005379961007,2.31984682070078,2.39832890757698,1.08394186559445,1.58050013041315,1.37271595372825,0.777190774476603,2.15698172234736,1.54247229564105
"4",0.977534328675926,3.78277713106448,4.08096378544641,1.80205316959043,2.77379905056694,1.46104120796945,0.796182083572386,2.3017013403393,2.69414888536303
"5",1.28036806616301,6.89049367645747,7.94277460663514,6.00792038375846,8.31741908472524,2.04667459266364,0.936515236071701,3.20578854322676,8.04411738565074
"6",1.78879894609468,6.47376696387364,7.40613060235247,4.33547233699428,6.29692095779459,2.95349649101722,1.19683771970151,4.47284156397545,6.09425518392767
"7",1.85511603179842,4.65537083874789,5.13025436110983,3.11561295489076,4.69199054554519,3.06662824738722,1.23267703120152,4.62251193928644,4.54538744839857
"8",1.99788289009263,3.52701383128699,3.77940203742128,2.26032679263013,3.47233962238666,3.30685069620169,1.31115841109588,4.93518299333251,3.36831407058397
"9",1.78879894609468,3.52701383128699,3.77940203742128,2.64836365475185,4.03744401766266,2.95349649101722,1.19683771970151,4.47284156397545,3.91369375834956
"10",1.78879894609468,3.52701383128699,3.77940203742128,3.11561295489076,4.69199054554519,2.95349649101722,1.19683771970151,4.47284156397545,4.54538744839857
"11",2.07461700964576,4.05579716445378,4.40596197322639,3.11561295489076,4.69199054554519,3.43420182295588,1.35406532649733,5.09827338309973,4.54538744839857
"12",1.85511603179842,4.05579716445378,4.40596197322639,3.38267552946986,5.05516676391699,3.06662824738722,1.23267703120152,4.62251193928644,4.89588086433743
"13",1.99788289009263,4.34654053994198,4.75541841692728,3.38267552946986,5.05516676391699,3.30685069620169,1.31115841109588,4.93518299333251,4.89588086433743
"14",2.07461700964576,3.78277713106448,4.08096378544641,2.87134509478345,4.35304264048373,3.43420182295588,1.35406532649733,5.09827338309973,4.21827440065384
"15",2.07461700964576,3.78277713106448,4.08096378544641,2.64836365475185,4.03744401766266,3.43420182295588,1.35406532649733,5.09827338309973,3.91369375834956
"16",1.55413784056653,6.07406305307771,6.89642549411466,1.46214629356467,2.22771968699386,2.54440910996648,1.07335071205836,3.91728973201625,2.16711954169484
"17",1.78879894609468,4.98252530254068,5.53125499975993,1.94007711106661,2.98823826609451,2.95349649101722,1.19683771970151,4.47284156397545,2.90110610723579
"18",1.50248245121925,8.2331525222912,9.7056182218454,5.54363808801433,7.77367716407715,2.45233614064287,1.04690389477836,3.78886218568292,7.51939072672015
"19",2.61929659624529,6.47376696387364,7.40613060235247,4.33547233699428,6.29692095779459,4.30747963619809,1.67221956194326,6.17318952956491,6.09425518392767
"20",2.7255494968123,3.28795229214756,3.50017754770451,3.38267552946986,5.05516676391699,4.4722838560856,1.73691418466785,6.36849543096775,4.89588086433743
"21",1.72567462133277,3.28795229214756,3.50017754770451,1.46214629356467,2.22771968699386,2.8448411084095,1.16309956946645,4.32754431552508,2.16711954169484
"22",1.20641722600176,3.52701383128699,3.77940203742128,2.64836365475185,4.03744401766266,1.90761366026832,0.901063841091777,2.9986110519167,3.91369375834956
"23",1.85511603179842,6.07406305307771,6.89642549411466,2.87134509478345,4.35304264048373,3.06662824738722,1.23267703120152,4.62251193928644,4.21827440065384
"24",2.23951897844513,8.70723990875865,10.3395258573228,6.00792038375846,8.31741908472524,3.70402022908363,1.44792257792395,5.43814236330995,8.04411738565074
"25",2.83663438482074,10.1856038637717,12.3505699578811,3.38267552946986,5.05516676391699,4.64285916520353,1.80542721346329,6.56839082372768,4.89588086433743
"26",2.42067033650832,11.1976702345878,13.7541257793828,2.87134509478345,4.35304264048373,3.99480808130782,1.55353134365066,5.79642142433514,4.21827440065384
"27",2.23951897844513,6.89049367645747,7.94277460663514,2.87134509478345,4.35304264048373,3.70402022908363,1.44792257792395,5.43814236330995,4.21827440065384
"28",2.23951897844513,4.65537083874789,5.13025436110983,2.64836365475185,4.03744401766266,3.70402022908363,1.44792257792395,5.43814236330995,3.91369375834956
"29",2.07461700964576,3.78277713106448,4.08096378544641,3.11561295489076,4.69199054554519,3.43420182295588,1.35406532649733,5.09827338309973,4.54538744839857
"30",3.39412310626802,4.05579716445378,4.40596197322639,2.98542471482094,6.35001299420919,8.96830403312655,3.86202810422675,5.46475496991044,5.8364393694447
"31",3.27190732437279,3.78277713106448,4.08096378544641,2.74652477808978,5.94099986909468,8.78496075057478,3.7261033032171,5.28989959368732,5.45075574182929
"32",4.07460323652038,4.59481741069083,4.72202047109722,2.52938137961996,5.55394368440406,9.91265365263362,4.61279069084237,6.40994774667038,5.08695384434874
"33",3.04063316545754,5.54401068894,5.86153778524471,2.52938137961996,5.55394368440406,8.42432582846572,3.46789805756157,4.95424991014015,5.08695384434874
"34",2.93137519215625,5.54401068894,5.86153778524471,3.5351457372508,7.23428473301265,8.24714938841834,3.3454470753337,4.79338901127263,6.67436047708743
"35",3.15410987430615,6.2548071118275,6.74359745708302,3.24774207548073,6.78112048701449,8.60361458621543,3.59475407125916,5.11974085109602,6.24427381405536
"36",3.15410987430615,10.5544949844166,12.5136257807156,4.96754288401973,9.25983105427132,8.60361458621543,3.59475407125916,5.11974085109602,8.61243371207087
"37",3.92898207938088,13.3466025499439,16.5617623639153,8.72172246906831,13.4530760285282,9.72033666987205,4.45294682958006,6.2114525849375,12.6902380286393
"38",4.70664257194815,13.3466025499439,16.5617623639153,10.7971385884984,15.3705354751963,10.6967856271245,5.30187438715314,7.25049082393778,14.5772004008055
"39",5.80662177545999,8.71906350100126,9.9684770231634,5.40335751243583,9.81559340285425,11.9077692190024,6.4850104142511,8.643868263014,9.14823924738839
"40",4.70664257194815,9.6249813607747,11.2111551908526,5.40335751243583,9.81559340285425,10.6967856271245,5.30187438715314,7.25049082393778,9.14823924738839
"41",5.80662177545999,9.6249813607747,11.2111551908526,6.91209784529432,11.5807594327329,11.9077692190024,6.4850104142511,8.643868263014,10.8600345922101
"42",6.0076047827803,9.6249813607747,11.2111551908526,5.40335751243583,9.81559340285425,12.1124266484134,6.69921500361855,8.89028057198859,9.14823924738839
"43",6.63974796494809,11.0238863045785,13.1809621236257,6.91209784529432,11.5807594327329,12.7292096176287,7.36936749157357,9.65099861451276,10.8600345922101
"44",6.8598729823312,9.16826962384959,10.5811953247148,5.40335751243583,9.81559340285425,12.9353899309888,7.60152111986802,9.91115062610073,9.14823924738839
"45",6.42425615539976,9.16826962384959,10.5811953247148,8.08633726438064,12.8206777554727,12.5232518853889,7.14150905902058,9.39401458340676,12.0705635795174
"46",7.31349012336071,7.43062896373524,8.2519382507859,5.87240104571985,10.3887591512452,13.3479923236777,8.07808371576124,10.4401629842374,9.70246610332252
"47",5.41966030036344,6.2548071118275,6.74359745708302,4.96754288401973,9.25983105427132,11.5004772157331,6.07094534885684,8.16270372221098,8.61243371207087
"48",5.2337663877922,5.89175665081469,6.29013100502946,4.56406058001028,8.72281999788316,11.2980455197176,5.87122638440786,7.92821820824282,8.09627886082896
"49",4.87725679450969,6.63272362821287,7.22192853536514,3.84928683997133,7.70928127748728,10.8961043791871,5.48666222375376,7.4720154525859,7.12661852831257
"50",4.87725679450969,6.2548071118275,6.74359745708302,5.40335751243583,9.81559340285425,10.8961043791871,5.48666222375376,7.4720154525859,9.14823924738839
"51",4.22512741657486,8.71906350100126,9.9684770231634,5.87240104571985,10.3887591512452,10.1065405270639,4.77757716882188,6.61313863627054,9.70246610332252
"52",6.8598729823312,5.89175665081469,6.29013100502946,4.96754288401973,9.25983105427132,12.9353899309888,7.60152111986802,9.91115062610073,8.61243371207087
"53",4.70664257194815,4.30986045972463,4.38911455047091,2.52938137961996,5.55394368440406,10.6967856271245,5.30187438715314,7.25049082393778,5.08695384434874
"54",3.39412310626802,3.78610745914022,3.78911321986597,2.52938137961996,5.55394368440406,8.96830403312655,3.86202810422675,5.46475496991044,5.08695384434874
"55",3.92898207938088,5.2118584438268,5.45761031954277,3.5351457372508,7.23428473301265,9.72033666987205,4.45294682958006,6.2114525849375,6.67436047708743
"56",5.2337663877922,6.63272362821287,7.22192853536514,1.48991902602664,3.42078119174728,11.2980455197176,5.87122638440786,7.92821820824282,3.10558940188995
"57",5.80662177545999,6.63272362821287,7.22192853536514,5.87240104571985,10.3887591512452,11.9077692190024,6.4850104142511,8.643868263014,9.70246610332252
"58",7.546675630438,7.02491367319654,7.72487705752201,6.37524835468159,10.9777465878946,13.5542021483003,8.32214087991324,10.7086017897027,10.2736354153567
"59",4.07460323652038,5.54401068894,5.86153778524471,3.84928683997133,7.70928127748728,9.91265365263362,4.61279069084237,6.40994774667038,7.12661852831257
"60",4.87725679450969,4.8954530614735,5.07795649699935,3.24774207548073,6.78112048701449,10.8961043791871,5.48666222375376,7.4720154525859,6.24427381405536
"61",3.78819892698193,4.8954530614735,5.07795649699935,4.19175958973912,8.20567717747657,9.52966867148236,4.29800320411325,6.01767676043512,7.60076068998401
"62",4.22512741657486,4.30986045972463,4.38911455047091,2.98542471482094,6.35001299420919,10.1065405270639,4.77757716882188,6.61313863627054,5.8364393694447
"63",3.52085140691252,4.59481741069083,4.72202047109722,2.98542471482094,6.35001299420919,9.15358138166353,4.00260618550774,5.64432875267282,5.8364393694447
"64",4.22512741657486,6.2548071118275,6.74359745708302,3.84928683997133,7.70928127748728,10.1065405270639,4.77757716882188,6.61313863627054,7.12661852831257
"65",5.61062363787095,7.43062896373524,8.2519382507859,6.91209784529432,11.5807594327329,11.7037518882111,6.27556107058311,8.40129603522708,10.8600345922101
"66",8.02490635405524,8.71906350100126,9.9684770231634,8.72172246906831,13.4530760285282,13.9659062428967,8.82081259397072,11.2522172526363,12.6902380286393
"67",8.76874774114585,9.6249813607747,11.2111551908526,8.08633726438064,12.8206777554727,14.5800989142245,9.59182117115506,12.0808739014399,12.0705635795174
"68",9.27949923059547,10.0876143521089,11.8561256248516,10.0798242129942,14.7305521757545,14.986112663488,10.1182239509802,12.6391727216254,13.9461510626183
"69",10.3267249368444,11.9630974319336,14.5335699557606,8.08633726438064,12.8206777554727,15.7862960233776,11.190702032873,13.7603028551454,12.0705635795174
"70",8.51757432394094,10.5544949844166,12.5136257807156,13.058550116096,17.2649105305491,14.375955446562,9.33207534663834,11.8032235106667,16.451175500496
"71",9.53853028038764,12.4293628616275,15.2127951199856,10.0798242129942,14.7305521757545,15.1877841164336,10.3843244003762,12.919292164545,13.9461510626183
"72",10.0624484869823,12.4293628616275,15.2127951199856,10.0798242129942,14.7305521757545,15.5879701240887,10.9208654242474,13.4801275922999,13.9461510626183
"73",10.0624484869823,13.7943487999964,17.2255232804897,16.9160655208138,20.1994229000614,15.5879701240887,10.9208654242474,13.4801275922999,19.3661879289977
"74",11.9246865300724,11.4940160557653,13.8552734447281,10.7971385884984,15.3705354751963,16.9459905088948,12.8121256058981,15.4212257796062,14.5772004008055
"75",6.63974796494809,11.0238863045785,13.1809621236257,6.37524835468159,10.9777465878946,12.7292096176287,7.36936749157357,9.65099861451276,10.2736354153567
"76",7.78387960331472,7.84895967907358,8.80232524594695,10.7971385884984,15.3705354751963,13.7602089983431,8.56978844731269,10.9793647610158,14.5772004008055
"77",7.78387960331472,10.0876143521089,11.8561256248516,8.08633726438064,12.8206777554727,13.7602089983431,8.56978844731269,10.9793647610158,12.0705635795174
"78",9.79961359372194,10.0876143521089,11.8561256248516,8.08633726438064,12.8206777554727,15.3884349605171,10.6519711090394,13.1997003949595,12.0705635795174
"79",8.26954691261724,11.9630974319336,14.5335699557606,8.08633726438064,12.8206777554727,14.1711901078405,9.07498845198711,11.5269198949928,12.0705635795174
"80",8.26954691261724,11.4940160557653,13.8552734447281,8.72172246906831,13.4530760285282,14.1711901078405,9.07498845198711,11.5269198949928,12.6902380286393
"81",9.02281232966225,9.16826962384959,10.5811953247148,5.87240104571985,10.3887591512452,14.7835184327078,9.85396236734221,12.3596117813981,9.70246610332252
"82",5.61062363787095,8.71906350100126,9.9684770231634,6.37524835468159,10.9777465878946,11.7037518882111,6.27556107058311,8.40129603522708,10.2736354153567
"83",7.546675630438,8.2788429964584,9.3749636784976,7.48270509023831,12.1957953967774,13.5542021483003,8.32214087991324,10.7086017897027,11.459723453677
"84",8.51757432394094,8.71906350100126,9.9684770231634,10.0798242129942,14.7305521757545,14.375955446562,9.33207534663834,11.8032235106667,13.9461510626183
"85",9.53853028038764,12.8910837891811,15.8898707703207,13.058550116096,17.2649105305491,15.1877841164336,10.3843244003762,12.919292164545,16.451175500496
"86",12.1900152266108,15.4804591685727,19.7463084927724,16.1585368159455,19.6440163459324,17.133473123472,13.0798602912912,15.6922967143527,18.8137964234829
"87",11.9246865300724,11.0238863045785,13.1809621236257,11.5354416728328,16.007927399084,16.9459905088948,12.8121256058981,15.4212257796062,15.2067915534919
"88",10.8583376268546,11.9630974319336,14.5335699557606,12.2907183632948,16.6401998941835,16.17896406962,11.7319694000051,14.3188289036519,15.8323005018945
"89",10.8583376268546,12.8910837891811,15.8898707703207,11.5354416728328,16.007927399084,16.17896406962,11.7319694000051,14.3188289036519,15.2067915534919
"90",11.6585280324046,11.0238863045785,13.1809621236257,8.72172246906831,13.4530760285282,16.7567231711559,12.5431624422448,15.1480977959555,12.6902380286393
"91",7.31349012336071,8.71906350100126,9.9684770231634,5.87240104571985,10.3887591512452,13.3479923236777,8.07808371576124,10.4401629842374,9.70246610332252
"92",7.31349012336071,7.84895967907358,8.80232524594695,6.37524835468159,10.9777465878946,13.3479923236777,8.07808371576124,10.4401629842374,10.2736354153567
"93",7.546675630438,8.71906350100126,9.9684770231634,5.87240104571985,10.3887591512452,13.5542021483003,8.32214087991324,10.7086017897027,9.70246610332252
"94",7.08450162904822,8.2788429964584,9.3749636784976,4.96754288401973,9.25983105427132,13.1416858340395,7.83781556038533,10.1742735770095,8.61243371207087
"95",6.63974796494809,7.43062896373524,8.2519382507859,4.96754288401973,9.25983105427132,12.7292096176287,7.36936749157357,9.65099861451276,8.61243371207087
"96",5.80662177545999,8.71906350100126,9.9684770231634,8.08633726438064,12.8206777554727,11.9077692190024,6.4850104142511,8.643868263014,12.0705635795174
"97",6.42425615539976,10.0876143521089,11.8561256248516,10.0798242129942,14.7305521757545,12.5232518853889,7.14150905902058,9.39401458340676,13.9461510626183
"98",7.546675630438,11.0238863045785,13.1809621236257,8.72172246906831,13.4530760285282,13.5542021483003,8.32214087991324,10.7086017897027,12.6902380286393
"99",9.53853028038764,11.0238863045785,13.1809621236257,8.08633726438064,12.8206777554727,15.1877841164336,10.3843244003762,12.919292164545,12.0705635795174
"100",9.02281232966225,11.9630974319336,14.5335699557606,8.08633726438064,12.8206777554727,14.7835184327078,9.85396236734221,12.3596117813981,12.0705635795174
"101",9.53853028038764,9.16826962384959,10.5811953247148,8.08633726438064,12.8206777554727,15.1877841164336,10.3843244003762,12.919292164545,12.0705635795174
"102",6.8598729823312,8.71906350100126,9.9684770231634,6.37524835468159,10.9777465878946,12.9353899309888,7.60152111986802,9.91115062610073,10.2736354153567
"103",6.42425615539976,11.0238863045785,13.1809621236257,8.08633726438064,12.8206777554727,12.5232518853889,7.14150905902058,9.39401458340676,12.0705635795174
"104",7.31349012336071,9.6249813607747,11.2111551908526,6.37524835468159,10.9777465878946,13.3479923236777,8.07808371576124,10.4401629842374,10.2736354153567
"105",7.31349012336071,8.2788429964584,9.3749636784976,6.91209784529432,11.5807594327329,13.3479923236777,8.07808371576124,10.4401629842374,10.8600345922101
"106",8.76874774114585,9.6249813607747,11.2111551908526,8.72172246906831,13.4530760285282,14.5800989142245,9.59182117115506,12.0808739014399,12.6902380286393
"107",10.8583376268546,12.8910837891811,15.8898707703207,13.058550116096,17.2649105305491,16.17896406962,11.7319694000051,14.3188289036519,16.451175500496
"108",13.7470487873908,12.8910837891811,15.8898707703207,13.058550116096,17.2649105305491,18.2171850260672,14.6442738731274,17.2629954179359,16.451175500496
"109",13.4931969097013,13.7943487999964,17.2255232804897,14.612744660129,18.482485859367,18.0417702517457,14.3899063233023,17.0088828452681,17.6593842369161
"110",13.9979885476595,14.6608245781424,18.5176439305789,15.3891737050758,19.071179614187,18.3903930808367,14.8955045218924,17.5136034227144,18.2442989831416
"111",14.730876349461,15.4804591685727,19.7463084927724,17.6572805762544,20.7360519791725,18.8963360908516,15.6281770897789,18.2428242013774,19.9000197144245
"112",15.2006468529576,10.0876143521089,11.8561256248516,12.2907183632948,16.6401998941835,19.2218427577477,16.0971491799723,18.708756469623,15.8323005018945
"113",10.8583376268546,10.0876143521089,11.8561256248516,10.0798242129942,14.7305521757545,16.17896406962,11.7319694000051,14.3188289036519,13.9461510626183
"114",9.53853028038764,10.5544949844166,12.5136257807156,9.38702253356703,14.0905423933674,15.1877841164336,10.3843244003762,12.919292164545,13.3162874160074
"115",8.76874774114585,8.2788429964584,9.3749636784976,8.72172246906831,13.4530760285282,14.5800989142245,9.59182117115506,12.0808739014399,12.6902380286393
"116",8.02490635405524,10.0876143521089,11.8561256248516,6.91209784529432,11.5807594327329,13.9659062428967,8.82081259397072,11.2522172526363,10.8600345922101
"117",9.02281232966225,12.4293628616275,15.2127951199856,16.1585368159455,19.6440163459324,14.7835184327078,9.85396236734221,12.3596117813981,18.8137964234829
"118",13.9979885476595,16.9510565647493,21.9544364604201,17.6572805762544,20.7360519791725,18.3903930808367,14.8955045218924,17.5136034227144,19.9000197144245
"119",15.4293061109021,11.9630974319336,14.5335699557606,13.058550116096,17.2649105305491,19.3809623487838,16.3252840171108,18.9353093418719,16.451175500496
"120",11.1250259332838,11.9630974319336,14.5335699557606,10.7971385884984,15.3705354751963,16.3731321637763,12.0027745152124,14.5966478228564,14.5772004008055
"121",12.4541929663731,15.4804591685727,19.7463084927724,20.3848425493144,22.6760766270686,17.3191007137607,13.3460674459332,15.9610758153937,21.8293176245336
"122",16.0884984470039,14.2328663627483,17.8783549986618,16.1585368159455,19.6440163459324,19.8434846836403,16.9826577728613,19.5882387791991,18.8137964234829
"123",14.730876349461,13.3466025499439,16.5617623639153,15.3891737050758,19.071179614187,18.8963360908516,15.6281770897789,18.2428242013774,18.2442989831416
"124",13.7470487873908,15.8702171498211,20.3317086200101,16.1585368159455,19.6440163459324,18.2171850260672,14.6442738731274,17.2629954179359,18.8137964234829
"125",15.4293061109021,14.2328663627483,17.8783549986618,9.38702253356703,14.0905423933674,19.3809623487838,16.3252840171108,18.9353093418719,13.3162874160074
"126",10.3267249368444,11.0238863045785,13.1809621236257,8.08633726438064,12.8206777554727,15.7862960233776,11.190702032873,13.7603028551454,12.0705635795174
"127",10.5921288073438,14.6608245781424,18.5176439305789,13.8342014898175,17.8797303399649,15.9833235761155,11.4611742116455,14.0399592730843,17.0609690887581
"128",13.7470487873908,14.6608245781424,18.5176439305789,16.1585368159455,19.6440163459324,18.2171850260672,14.6442738731274,17.2629954179359,18.8137964234829
"129",14.4901351193696,14.6608245781424,18.5176439305789,15.3891737050758,19.071179614187,18.7300100814797,15.3876632503599,18.0036648558098,18.2442989831416
"130",15.6535945649376,15.4804591685727,19.7463084927724,17.6572805762544,20.7360519791725,19.5376237502528,16.548993805412,19.1574592205201,19.9000197144245
"131",16.298876198868,16.2455874521228,20.8956517146807,21.5693107387374,23.5153289674615,19.9926493873351,17.1924109147156,19.7967429459495,22.6626534402008
"132",16.5044058874561,15.4804591685727,19.7463084927724,15.3891737050758,19.071179614187,20.1392850011003,17.3973349179732,20.0005910070914,18.2442989831416
"133",10.8583376268546,11.9630974319336,14.5335699557606,10.7971385884984,15.3705354751963,16.17896406962,11.7319694000051,14.3188289036519,14.5772004008055
"134",10.8583376268546,13.7943487999964,17.2255232804897,15.3891737050758,19.071179614187,16.17896406962,11.7319694000051,14.3188289036519,18.2442989831416
"135",12.1900152266108,14.2328663627483,17.8783549986618,16.9160655208138,20.1994229000614,17.133473123472,13.0798602912912,15.6922967143527,19.3661879289977
"136",15.8733680947097,16.2455874521228,20.8956517146807,21.5693107387374,23.5153289674615,19.6918044654053,16.7681547986012,19.3751255724024,22.6626534402008
"137",16.298876198868,16.9510565647493,21.9544364604201,16.9160655208138,20.1994229000614,19.9926493873351,17.1924109147156,19.7967429459495,19.3661879289977
"138",13.2367007714888,16.9510565647493,21.9544364604201,21.5693107387374,23.5153289674615,17.8641992628669,14.1326433531583,16.7514423391085,22.6626534402008
"139",16.7050088060184,16.9510565647493,21.9544364604201,19.7446731928603,22.2233449298083,20.283381505264,17.5973657428332,20.1997474798779,21.3793369659712
"140",17.8026502463854,17.280478061662,22.4476463700579,22.1114344985282,23.9019547512956,21.0944336728853,18.6929146429921,21.2954373219677,23.0460655577031
"141",17.6324271570374,17.8920412761977,23.3596805096093,22.6195653956526,24.2669193799625,20.9656255718399,18.522836749177,21.124621013,23.407632079785
"142",18.5784005208108,18.1742899785186,23.7784345630067,22.1114344985282,23.9019547512956,21.7007304877527,19.4694283372109,22.0802542976023,23.0460655577031
"143",18.4331533183944,17.5941408160813,22.9161109246948,23.943200281325,25.2366280478483,21.584457864234,19.3238233158621,21.9323756491202,24.3660830643703
"144",18.7188150220702,17.5941408160813,22.9161109246948,22.6195653956526,24.2669193799625,21.8145440374075,19.6103037388483,22.2237013679364,23.407632079785
"145",18.2830083608117,16.9510565647493,21.9544364604201,22.1114344985282,23.9019547512956,21.4657080360134,19.1734240465531,21.7800064734598,23.0460655577031
"146",16.5044058874561,16.2455874521228,20.8956517146807,19.7446731928603,22.2233449298083,20.1392850011003,17.3973349179732,20.0005910070914,21.3793369659712
"147",16.5044058874561,16.2455874521228,20.8956517146807,22.1114344985282,23.9019547512956,20.1392850011003,17.3973349179732,20.0005910070914,23.0460655577031
"148",18.1279069364002,17.280478061662,22.4476463700579,23.0938337200422,24.6106457140318,21.3444633990603,19.018171365005,21.623091410097,23.7477766668854
"149",19.1118217090261,18.6927717353783,24.5428109719547,24.3202643176825,25.5202210058743,22.1414405060713,20.0052959844126,22.6281164122075,24.6456144342324
"150",18.4331533183944,19.5564660876143,25.796656715956,24.3202643176825,25.5202210058743,21.584457864234,19.3238233158621,21.9323756491202,24.6456144342324
"151",19.1118217090261,19.3610189897848,25.515555107613,23.5347626922948,24.9336720630349,22.1414405060713,20.0052959844126,22.6281164122075,24.0670457669591
"152",19.1118217090261,18.4411002504423,24.1726582840689,22.6195653956526,24.2669193799625,22.1414405060713,20.0052959844126,22.6281164122075,23.407632079785
"153",18.4331533183944,16.2455874521228,20.8956517146807,20.3848425493144,22.6760766270686,21.584457864234,19.3238233158621,21.9323756491202,21.8293176245336
"154",16.9006211192224,16.2455874521228,20.8956517146807,19.0749240754722,21.748774546568,20.4249312956438,17.7924527250187,20.3941866285331,20.9074319138849
"155",15.6535945649376,16.6060040479266,21.4368801328746,19.0749240754722,21.748774546568,19.5376237502528,16.548993805412,19.1574592205201,20.9074319138849
"156",17.8026502463854,18.1742899785186,23.7784345630067,23.5347626922948,24.9336720630349,21.0944336728853,18.6929146429921,21.2954373219677,24.0670457669591
"157",19.4643063728515,19.1522669192574,25.2134744535314,24.3202643176825,25.5202210058743,22.4470263261272,20.3606119600609,22.9951956424059,24.6456144342324
"158",20.3817978587161,19.9097021167968,26.2998247224311,25.5432798114392,26.4768095599362,23.3217365217527,21.2921574412398,23.9782140436919,25.5849880503094
"159",20.7162320069186,20.4820154793813,27.0984603054066,26.3874049602814,27.1894229488769,23.6834514911545,21.6351785547125,24.3508760748876,26.2800032447441
"160",20.6549857191593,20.3542264460409,26.9222206907705,26.0061276519233,26.8602204393836,23.6148189142966,21.5721756437348,24.2818596292772,25.9595547821341
"161",20.5910208550462,19.7391676370494,26.0577461303135,26.0061276519233,26.8602204393836,23.5443664313823,21.5064694858775,24.2101707521708,25.9595547821341
"162",20.5242367090924,19.3610189897848,25.515555107613,25.5432798114392,26.4768095599362,23.4720587955571,21.43796357638,24.1357245587333,25.5849880503094
"163",19.35115691264,18.9296813143719,24.8895050144227,23.0938337200422,24.6106457140318,22.3474888723036,20.2464306612499,22.8768532662971,23.7477766668854
"164",16.0884984470039,16.6060040479266,21.4368801328746,16.9160655208138,20.1994229000614,19.8434846836403,16.9826577728613,19.5882387791991,19.3661879289977
"165",16.7050088060184,17.280478061662,22.4476463700579,21.5693107387374,23.5153289674615,20.283381505264,17.5973657428332,20.1997474798779,22.6626534402008
"166",17.8026502463854,18.4411002504423,24.1726582840689,22.6195653956526,24.2669193799625,21.0944336728853,18.6929146429921,21.2954373219677,23.407632079785
"167",19.1118217090261,19.1522669192574,25.2134744535314,23.943200281325,25.2366280478483,22.1414405060713,20.0052959844126,22.6281164122075,24.3660830643703
"168",20.2268284632767,19.5564660876143,25.796656715956,23.0938337200422,24.6106457140318,23.1635709217593,21.1339534018485,23.8086266076176,23.7477766668854
"169",19.9689918902458,19.5564660876143,25.796656715956,25.2771729188798,26.2626648541804,22.9110101809969,20.8715991459084,23.5300383920221,25.3752431103907
"170",19.5732441836761,19.1522669192574,25.2134744535314,20.9935078961081,23.1067490840365,22.5442764442342,20.470664047445,23.1096310190034,22.2571108490687
"171",16.7050088060184,18.1742899785186,23.7784345630067,20.3848425493144,22.6760766270686,20.283381505264,17.5973657428332,20.1997474798779,21.8293176245336
"172",18.2830083608117,18.4411002504423,24.1726582840689,23.5347626922948,24.9336720630349,21.4657080360134,19.1734240465531,21.7800064734598,24.0670457669591
"173",18.5784005208108,18.9296813143719,24.8895050144227,22.6195653956526,24.2669193799625,21.7007304877527,19.4694283372109,22.0802542976023,23.407632079785
"174",19.1118217090261,19.3610189897848,25.515555107613,22.1114344985282,23.9019547512956,22.1414405060713,20.0052959844126,22.6281164122075,23.0460655577031
"175",19.8758408584498,19.3610189897848,25.515555107613,25.5432798114392,26.4768095599362,22.8226046496694,20.7770515496098,23.4303607932714,25.5849880503094
"176",19.35115691264,19.9097021167968,26.2998247224311,24.9857201129086,26.0324172789723,22.3474888723036,20.2464306612499,22.8768532662971,25.1493479776519
"177",20.4545305213862,20.7104779891613,27.4099868100922,26.5513684456651,27.3357408291806,23.3978605890826,21.3665595269623,24.0584347618417,26.4220275183475
"178",20.98507625236,21.0739688366967,27.8943269081492,27.0621231363565,27.8167975610757,24.00056149984,21.9129025764801,24.6587617138941,26.886823598942
"179",21.1998476224296,21.487053984033,28.4215728675507,27.0621231363565,27.8167975610757,24.2774632842417,22.1364203105725,24.9117821046825,26.886823598942
"180",21.3395177708808,21.2168208362763,28.0799737241371,27.1597161030213,27.9144736378133,24.4729042340778,22.2827834773878,25.0806936738421,26.9807191535544
"181",20.8846401603362,20.9935105058329,27.7884936768475,26.3874049602814,27.1894229488769,23.8787869365941,21.8089095078698,24.5427246552027,26.2800032447441
"182",20.7748590987483,20.8122545763323,27.5471262497152,26.5513684456651,27.3357408291806,23.7503001680558,21.695573604184,24.4173044419873,26.4220275183475
"183",20.7162320069186,20.9064318043949,27.673020328592,26.3874049602814,27.1894229488769,23.6834514911545,21.6351785547125,24.3508760748876,26.2800032447441
"184",21.0768779085565,20.9064318043949,27.673020328592,27.3969765888031,28.1631320387501,24.1159045549889,22.0082384721613,24.7660323944855,27.2188318376313
"185",21.1998476224296,20.9935105058329,27.7884936768475,26.9536416590153,27.7107453055298,24.2774632842417,22.1364203105725,24.9117821046825,26.7846749795083
"186",20.9359809237417,20.7104779891613,27.4099868100922,25.7857105989215,26.6757102457314,23.9404955158027,21.8620301197914,24.6018768024733,25.7794662362651
"187",20.2268284632767,20.4820154793813,27.0984603054066,26.3874049602814,27.1894229488769,23.1635709217593,21.1339534018485,23.8086266076176,26.2800032447441
"188",20.6549857191593,20.6005790375972,27.2607339409085,25.7857105989215,26.6757102457314,23.6148189142966,21.5721756437348,24.2818596292772,25.7794662362651
"189",20.5910208550462,20.8122545763323,27.5471262497152,26.5513684456651,27.3357408291806,23.5443664313823,21.5064694858775,24.2101707521708,26.4220275183475
"190",20.7748590987483,20.7104779891613,27.4099868100922,26.699500110937,27.4709102481528,23.7503001680558,21.695573604184,24.4173044419873,26.5529814630142
"191",21.2372221338586,20.8122545763323,27.5471262497152,26.8331648338782,27.5956749611396,24.328397061752,22.1754992971063,24.9566024912491,26.6736230984004
"192",21.1607159415649,19.3610189897848,25.515555107613,25.5432798114392,26.4768095599362,24.2250922943713,22.0955663103936,24.8651255233255,25.5849880503094
"193",18.9854436693045,19.7391676370494,26.0577461303135,23.0938337200422,24.6106457140318,22.0348766077571,19.8781578557149,22.4975621597518,23.7477766668854
"194",19.2336947774109,18.9296813143719,24.8895050144227,23.0938337200422,24.6106457140318,22.2456360288192,20.1280234316673,22.7545206636983,23.7477766668854
"195",19.2336947774109,19.1522669192574,25.2134744535314,23.0938337200422,24.6106457140318,22.2456360288192,20.1280234316673,22.7545206636983,23.7477766668854
"196",19.1118217090261,19.9097021167968,26.2998247224311,24.3202643176825,25.5202210058743,22.1414405060713,20.0052959844126,22.6281164122075,24.6456144342324
"197",19.9689918902458,19.1522669192574,25.2134744535314,23.5347626922948,24.9336720630349,22.9110101809969,20.8715991459084,23.5300383920221,24.0670457669591
"198",18.7188150220702,19.3610189897848,25.515555107613,24.9857201129086,26.0324172789723,21.8145440374075,19.6103037388483,22.2237013679364,25.1493479776519
"199",19.6780751205807,19.7391676370494,26.0577461303135,24.3202643176825,25.5202210058743,22.6392693444199,20.5766871381309,23.2202456973538,24.6456144342324
"200",20.3817978587161,20.3542264460409,26.9222206907705,26.0061276519233,26.8602204393836,23.3217365217527,21.2921574412398,23.9782140436919,25.9595547821341
"201",20.9359809237417,20.7104779891613,27.4099868100922,26.0061276519233,26.8602204393836,23.9404955158027,21.8620301197914,24.6018768024733,25.9595547821341
"202",20.6549857191593,20.2166370125008,26.7310392497519,23.943200281325,25.2366280478483,23.6148189142966,21.5721756437348,24.2818596292772,24.3660830643703
"203",19.7789048195429,19.1522669192574,25.2134744535314,22.1114344985282,23.9019547512956,22.7320350177608,20.6787820886215,23.3271262371374,23.0460655577031
"204",18.9854436693045,19.1522669192574,25.2134744535314,23.0938337200422,24.6106457140318,22.0348766077571,19.8781578557149,22.4975621597518,23.7477766668854
"205",19.35115691264,19.7391676370494,26.0577461303135,24.3202643176825,25.5202210058743,22.3474888723036,20.2464306612499,22.8768532662971,24.6456144342324
"206",19.5732441836761,19.3610189897848,25.515555107613,20.3848425493144,22.6760766270686,22.5442764442342,20.470664047445,23.1096310190034,21.8293176245336
"207",17.2766997366136,18.4411002504423,24.1726582840689,19.7446731928603,22.2233449298083,20.7003789461321,18.167666198895,20.768866027079,21.3793369659712
"208",17.2766997366136,17.280478061662,22.4476463700579,20.9935078961081,23.1067490840365,20.7003789461321,18.167666198895,20.768866027079,22.2571108490687
"209",17.6324271570374,17.8920412761977,23.3596805096093,22.1114344985282,23.9019547512956,20.9656255718399,18.522836749177,21.124621013,23.0460655577031
"210",18.7188150220702,19.5564660876143,25.796656715956,23.5347626922948,24.9336720630349,21.8145440374075,19.6103037388483,22.2237013679364,24.0670457669591
"211",19.8758408584498,20.4820154793813,27.0984603054066,25.2771729188798,26.2626648541804,22.8226046496694,20.7770515496098,23.4303607932714,25.3752431103907
"212",20.4545305213862,20.9064318043949,27.673020328592,26.3874049602814,27.1894229488769,23.3978605890826,21.3665595269623,24.0584347618417,26.2800032447441
"213",21.0320135361743,20.9935105058329,27.7884936768475,25.7857105989215,26.6757102457314,24.059019607917,21.9616112523433,24.7134554017591,25.7794662362651
"214",21.0320135361743,20.7104779891613,27.4099868100922,26.2061648110656,27.0311833904606,24.059019607917,21.9616112523433,24.7134554017591,26.1261190401401
"215",20.9359809237417,20.4820154793813,27.0984603054066,25.2771729188798,26.2626648541804,23.9404955158027,21.8620301197914,24.6018768024733,25.3752431103907
"216",20.1443760557278,20.4820154793813,27.0984603054066,25.2771729188798,26.2626648541804,23.0814596951454,21.049945516812,23.7190811593223,25.3752431103907
"217",19.9689918902458,19.7391676370494,26.0577461303135,23.0938337200422,24.6106457140318,22.9110101809969,20.8715991459084,23.5300383920221,23.7477766668854
"218",18.9854436693045,18.6927717353783,24.5428109719547,21.5693107387374,23.5153289674615,22.0348766077571,19.8781578557149,22.4975621597518,22.6626534402008
"219",18.4331533183944,18.9296813143719,24.8895050144227,22.6195653956526,24.2669193799625,21.584457864234,19.3238233158621,21.9323756491202,23.407632079785
"220",19.2336947774109,19.7391676370494,26.0577461303135,24.3202643176825,25.5202210058743,22.2456360288192,20.1280234316673,22.7545206636983,24.6456144342324
"221",20.0584668948069,19.9097021167968,26.2998247224311,23.5347626922948,24.9336720630349,22.9972839194107,20.9625287690544,23.6262483055877,24.0670457669591
"222",19.35115691264,20.3542264460409,26.9222206907705,24.3202643176825,25.5202210058743,22.3474888723036,20.2464306612499,22.8768532662971,24.6456144342324
"223",20.0584668948069,20.3542264460409,26.9222206907705,25.7857105989215,26.6757102457314,22.9972839194107,20.9625287690544,23.6262483055877,25.7794662362651
"224",20.305933083064,21.2800531256636,28.1611264261208,26.699500110937,27.4709102481528,23.2436517731437,21.2146563740984,23.8949745037427,26.5529814630142
"225",20.8846401603362,20.9064318043949,27.673020328592,26.5513684456651,27.3357408291806,23.8787869365941,21.8089095078698,24.5427246552027,26.4220275183475
"226",20.9359809237417,20.3542264460409,26.9222206907705,25.2771729188798,26.2626648541804,23.9404955158027,21.8620301197914,24.6018768024733,25.3752431103907
"227",19.5732441836761,19.1522669192574,25.2134744535314,22.6195653956526,24.2669193799625,22.5442764442342,20.470664047445,23.1096310190034,23.407632079785
"228",17.9678006883108,18.4411002504423,24.1726582840689,20.9935078961081,23.1067490840365,21.2207095464248,18.8580155048982,21.4615824641278,22.2571108490687
"229",18.2830083608117,18.6927717353783,24.5428109719547,23.0938337200422,24.6106457140318,21.4657080360134,19.1734240465531,21.7800064734598,23.7477766668854
"230",19.1118217090261,19.3610189897848,25.515555107613,23.943200281325,25.2366280478483,22.1414405060713,20.0052959844126,22.6281164122075,24.3660830643703
"231",19.9689918902458,20.0686599484676,26.5239133929332,24.9857201129086,26.0324172789723,22.9110101809969,20.8715991459084,23.5300383920221,25.1493479776519
"232",20.3817978587161,19.9097021167968,26.2998247224311,24.9857201129086,26.0324172789723,23.3217365217527,21.2921574412398,23.9782140436919,25.1493479776519
"233",20.1443760557278,18.4411002504423,24.1726582840689,22.6195653956526,24.2669193799625,23.0814596951454,21.049945516812,23.7190811593223,23.407632079785
"234",17.0911961771999,17.5941408160813,22.9161109246948,18.3781030403379,21.2527951376277,20.5639311236841,17.9825608884996,20.5838948462528,20.4140879247645
"235",16.9006211192224,18.1742899785186,23.7784345630067,21.5693107387374,23.5153289674615,20.4249312956438,17.7924527250187,20.3941866285331,22.6626534402008
"236",17.8026502463854,18.9296813143719,24.8895050144227,22.6195653956526,24.2669193799625,21.0944336728853,18.6929146429921,21.2954373219677,23.407632079785
"237",17.9678006883108,19.5564660876143,25.796656715956,22.1114344985282,23.9019547512956,21.2207095464248,18.8580155048982,21.4615824641278,23.0460655577031
"238",19.35115691264,19.7391676370494,26.0577461303135,23.943200281325,25.2366280478483,22.3474888723036,20.2464306612499,22.8768532662971,24.3660830643703
"239",19.35115691264,20.0686599484676,26.5239133929332,24.9857201129086,26.0324172789723,22.3474888723036,20.2464306612499,22.8768532662971,25.1493479776519
"240",20.5910208550462,19.3610189897848,25.515555107613,23.943200281325,25.2366280478483,23.5443664313823,21.5064694858775,24.2101707521708,24.3660830643703
"241",18.8544696406277,18.1742899785186,23.7784345630067,22.6195653956526,24.2669193799625,21.9259187850405,19.7465211224814,22.3627811313415,23.407632079785
"242",17.8026502463854,16.6060040479266,21.4368801328746,19.0749240754722,21.748774546568,21.0944336728853,18.6929146429921,21.2954373219677,20.9074319138849
"243",16.298876198868,16.9510565647493,21.9544364604201,19.0749240754722,21.748774546568,19.9926493873351,17.1924109147156,19.7967429459495,20.9074319138849
"244",15.6535945649376,17.8920412761977,23.3596805096093,18.3781030403379,21.2527951376277,19.5376237502528,16.548993805412,19.1574592205201,20.4140879247645
"245",16.7050088060184,16.6060040479266,21.4368801328746,17.6572805762544,20.7360519791725,20.283381505264,17.5973657428332,20.1997474798779,19.9000197144245
"246",14.9677775505433,13.3466025499439,16.5617623639153,13.058550116096,17.2649105305491,19.0602907634115,15.8647284187578,18.4778930036017,16.451175500496
"247",14.2457642077038,14.2328663627483,17.8783549986618,12.2907183632948,16.6401998941835,18.5613492736878,15.1433725523277,17.7605443876019,15.8323005018945
"248",13.9979885476595,11.9630974319336,14.5335699557606,16.9160655208138,20.1994229000614,18.3903930808367,14.8955045218924,17.5136034227144,19.3661879289977
"249",15.6535945649376,11.9630974319336,14.5335699557606,13.058550116096,17.2649105305491,19.5376237502528,16.548993805412,19.1574592205201,16.451175500496
"250",12.7169032503037,14.2328663627483,17.8783549986618,17.6572805762544,20.7360519791725,17.502805601198,13.6104539821743,16.2273356696321,19.9000197144245
"251",15.8733680947097,16.6060040479266,21.4368801328746,18.3781030403379,21.2527951376277,19.6918044654053,16.7681547986012,19.3751255724024,20.4140879247645
"252",16.0884984470039,18.1742899785186,23.7784345630067,21.5693107387374,23.5153289674615,19.8434846836403,16.9826577728613,19.5882387791991,22.6626534402008
"253",17.8026502463854,18.6927717353783,24.5428109719547,23.0938337200422,24.6106457140318,21.0944336728853,18.6929146429921,21.2954373219677,23.7477766668854
"254",18.4331533183944,19.3610189897848,25.515555107613,23.0938337200422,24.6106457140318,21.584457864234,19.3238233158621,21.9323756491202,23.7477766668854
"255",18.8544696406277,19.7391676370494,26.0577461303135,23.943200281325,25.2366280478483,21.9259187850405,19.7465211224814,22.3627811313415,24.3660830643703
"256",19.35115691264,18.9296813143719,24.8895050144227,22.1114344985282,23.9019547512956,22.3474888723036,20.2464306612499,22.8768532662971,23.0460655577031
"257",17.8026502463854,16.2455874521228,20.8956517146807,11.5354416728328,16.007927399084,21.0944336728853,18.6929146429921,21.2954373219677,15.2067915534919
"258",11.6585280324046,15.0770342039702,19.1410035881495,8.08633726438064,12.8206777554727,16.7567231711559,12.5431624422448,15.1480977959555,12.0705635795174
"259",11.9246865300724,14.2328663627483,17.8783549986618,10.7971385884984,15.3705354751963,16.9459905088948,12.8121256058981,15.4212257796062,14.5772004008055
"260",13.2367007714888,14.2328663627483,17.8783549986618,15.3891737050758,19.071179614187,17.8641992628669,14.1326433531583,16.7514423391085,18.2442989831416
"261",12.9778394959892,15.4804591685727,19.7463084927724,15.3891737050758,19.071179614187,17.6845254323018,13.8727378221911,16.4908607589508,18.2442989831416
"262",14.9677775505433,16.2455874521228,20.8956517146807,17.6572805762544,20.7360519791725,19.0602907634115,15.8647284187578,18.4778930036017,19.9000197144245
"263",15.4293061109021,18.1742899785186,23.7784345630067,21.5693107387374,23.5153289674615,19.3809623487838,16.3252840171108,18.9353093418719,22.6626534402008
"264",17.4571121832635,17.8920412761977,23.3596805096093,19.7446731928603,22.2233449298083,20.8342758764594,18.3477578125123,20.9491039322336,21.3793369659712
"265",15.8733680947097,15.8702171498211,20.3317086200101,15.3891737050758,19.071179614187,19.6918044654053,16.7681547986012,19.3751255724024,18.2442989831416
"266",13.7470487873908,16.2455874521228,20.8956517146807,13.8342014898175,17.8797303399649,18.2171850260672,14.6442738731274,17.2629954179359,17.0609690887581
"267",13.9979885476595,16.6060040479266,21.4368801328746,17.6572805762544,20.7360519791725,18.3903930808367,14.8955045218924,17.5136034227144,19.9000197144245
"268",15.8733680947097,17.280478061662,22.4476463700579,18.3781030403379,21.2527951376277,19.6918044654053,16.7681547986012,19.3751255724024,20.4140879247645
"269",16.0884984470039,15.8702171498211,20.3317086200101,18.3781030403379,21.2527951376277,19.8434846836403,16.9826577728613,19.5882387791991,20.4140879247645
"270",12.7169032503037,13.7943487999964,17.2255232804897,10.7971385884984,15.3705354751963,17.502805601198,13.6104539821743,16.2273356696321,14.5772004008055
"271",12.1900152266108,13.7943487999964,17.2255232804897,12.2907183632948,16.6401998941835,17.133473123472,13.0798602912912,15.6922967143527,15.8323005018945
"272",12.4541929663731,15.8702171498211,20.3317086200101,14.612744660129,18.482485859367,17.3191007137607,13.3460674459332,15.9610758153937,17.6593842369161
"273",13.4931969097013,16.6060040479266,21.4368801328746,17.6572805762544,20.7360519791725,18.0417702517457,14.3899063233023,17.0088828452681,19.9000197144245
"274",15.2006468529576,16.6060040479266,21.4368801328746,17.6572805762544,20.7360519791725,19.2218427577477,16.0971491799723,18.708756469623,19.9000197144245
"275",14.9677775505433,16.6060040479266,21.4368801328746,19.0749240754722,21.748774546568,19.0602907634115,15.8647284187578,18.4778930036017,20.9074319138849
"276",15.2006468529576,16.2455874521228,20.8956517146807,18.3781030403379,21.2527951376277,19.2218427577477,16.0971491799723,18.708756469623,20.4140879247645
"277",14.730876349461,15.4804591685727,19.7463084927724,15.3891737050758,19.071179614187,18.8963360908516,15.6281770897789,18.2428242013774,18.2442989831416
"278",13.4931969097013,15.0770342039702,19.1410035881495,14.612744660129,18.482485859367,18.0417702517457,14.3899063233023,17.0088828452681,17.6593842369161
"279",13.7470487873908,15.4804591685727,19.7463084927724,13.8342014898175,17.8797303399649,18.2171850260672,14.6442738731274,17.2629954179359,17.0609690887581
"280",11.6585280324046,15.0770342039702,19.1410035881495,17.6572805762544,20.7360519791725,16.7567231711559,12.5431624422448,15.1480977959555,19.9000197144245
"281",12.7169032503037,16.2455874521228,20.8956517146807,17.6572805762544,20.7360519791725,17.502805601198,13.6104539821743,16.2273356696321,19.9000197144245
"282",13.9979885476595,18.4411002504423,24.1726582840689,19.0749240754722,21.748774546568,18.3903930808367,14.8955045218924,17.5136034227144,20.9074319138849
"283",13.9979885476595,17.5941408160813,22.9161109246948,17.6572805762544,20.7360519791725,18.3903930808367,14.8955045218924,17.5136034227144,19.9000197144245
"284",15.2006468529576,15.4804591685727,19.7463084927724,16.1585368159455,19.6440163459324,19.2218427577477,16.0971491799723,18.708756469623,18.8137964234829
"285",13.2367007714888,16.6060040479266,21.4368801328746,15.3891737050758,19.071179614187,17.8641992628669,14.1326433531583,16.7514423391085,18.2442989831416
"286",14.4901351193696,16.2455874521228,20.8956517146807,17.6572805762544,20.7360519791725,18.7300100814797,15.3876632503599,18.0036648558098,19.9000197144245
"287",13.4931969097013,14.6608245781424,18.5176439305789,13.058550116096,17.2649105305491,18.0417702517457,14.3899063233023,17.0088828452681,16.451175500496
"288",11.6585280324046,14.2328663627483,17.8783549986618,14.612744660129,18.482485859367,16.7567231711559,12.5431624422448,15.1480977959555,17.6593842369161
"289",11.6585280324046,15.0770342039702,19.1410035881495,14.612744660129,18.482485859367,16.7567231711559,12.5431624422448,15.1480977959555,17.6593842369161
"290",12.4541929663731,15.4804591685727,19.7463084927724,16.1585368159455,19.6440163459324,17.3191007137607,13.3460674459332,15.9610758153937,18.8137964234829
"291",12.7169032503037,15.0770342039702,19.1410035881495,14.612744660129,18.482485859367,17.502805601198,13.6104539821743,16.2273356696321,17.6593842369161
"292",10.3267249368444,14.6608245781424,18.5176439305789,16.9160655208138,20.1994229000614,15.7862960233776,11.190702032873,13.7603028551454,19.3661879289977
"293",13.4931969097013,13.7943487999964,17.2255232804897,13.058550116096,17.2649105305491,18.0417702517457,14.3899063233023,17.0088828452681,16.451175500496
"294",11.3918659093999,11.9630974319336,14.5335699557606,10.0798242129942,14.7305521757545,16.5657453066798,12.2732764286305,14.8731561055097,13.9461510626183
"295",10.3267249368444,12.8910837891811,15.8898707703207,10.7971385884984,15.3705354751963,15.7862960233776,11.190702032873,13.7603028551454,14.5772004008055
"296",11.9246865300724,10.0876143521089,11.8561256248516,7.48270509023831,12.1957953967774,16.9459905088948,12.8121256058981,15.4212257796062,11.459723453677
"297",9.79961359372194,11.0238863045785,13.1809621236257,8.72172246906831,13.4530760285282,15.3884349605171,10.6519711090394,13.1997003949595,12.6902380286393
"298",7.08450162904822,11.4940160557653,13.8552734447281,8.08633726438064,12.8206777554727,13.1416858340395,7.83781556038533,10.1742735770095,12.0705635795174
"299",7.31349012336071,11.9630974319336,14.5335699557606,10.7971385884984,15.3705354751963,13.3479923236777,8.07808371576124,10.4401629842374,14.5772004008055
"300",9.53853028038764,11.0238863045785,13.1809621236257,8.08633726438064,12.8206777554727,15.1877841164336,10.3843244003762,12.919292164545,12.0705635795174
"301",8.51757432394094,9.6249813607747,11.2111551908526,8.72172246906831,13.4530760285282,14.375955446562,9.33207534663834,11.8032235106667,12.6902380286393
"302",7.31349012336071,12.8910837891811,15.8898707703207,7.48270509023831,12.1957953967774,13.3479923236777,8.07808371576124,10.4401629842374,11.459723453677
"303",9.27949923059547,13.3466025499439,16.5617623639153,17.6572805762544,20.7360519791725,14.986112663488,10.1182239509802,12.6391727216254,19.9000197144245
"304",13.2367007714888,14.6608245781424,18.5176439305789,13.8342014898175,17.8797303399649,17.8641992628669,14.1326433531583,16.7514423391085,17.0609690887581
"305",9.79961359372194,11.4940160557653,13.8552734447281,8.08633726438064,12.8206777554727,15.3884349605171,10.6519711090394,13.1997003949595,12.0705635795174
"306",8.02490635405524,9.16826962384959,10.5811953247148,7.48270509023831,12.1957953967774,13.9659062428967,8.82081259397072,11.2522172526363,11.459723453677
"307",7.31349012336071,7.43062896373524,8.2519382507859,5.40335751243583,9.81559340285425,13.3479923236777,8.07808371576124,10.4401629842374,9.14823924738839
"308",6.0076047827803,6.63272362821287,7.22192853536514,3.84928683997133,7.70928127748728,12.1124266484134,6.69921500361855,8.89028057198859,7.12661852831257
"309",5.61062363787095,5.54401068894,5.86153778524471,6.91209784529432,11.5807594327329,11.7037518882111,6.27556107058311,8.40129603522708,10.8600345922101
"310",4.87725679450969,7.84895967907358,8.80232524594695,4.56406058001028,8.72281999788316,10.8961043791871,5.48666222375376,7.4720154525859,8.09627886082896
"311",5.2337663877922,10.0876143521089,11.8561256248516,4.19175958973912,8.20567717747657,11.2980455197176,5.87122638440786,7.92821820824282,7.60076068998401
"312",6.0076047827803,9.16826962384959,10.5811953247148,7.48270509023831,12.1957953967774,12.1124266484134,6.69921500361855,8.89028057198859,11.459723453677
"313",8.02490635405524,7.84895967907358,8.80232524594695,4.96754288401973,9.25983105427132,13.9659062428967,8.82081259397072,11.2522172526363,8.61243371207087
"314",4.22512741657486,7.02491367319654,7.72487705752201,2.98542471482094,6.35001299420919,10.1065405270639,4.77757716882188,6.61313863627054,5.8364393694447
"315",5.80662177545999,7.02491367319654,7.72487705752201,5.40335751243583,9.81559340285425,11.9077692190024,6.4850104142511,8.643868263014,9.14823924738839
"316",6.0076047827803,6.2548071118275,6.74359745708302,3.24774207548073,6.78112048701449,12.1124266484134,6.69921500361855,8.89028057198859,6.24427381405536
"317",8.26954691261724,11.9630974319336,14.5335699557606,13.8342014898175,17.8797303399649,14.1711901078405,9.07498845198711,11.5269198949928,17.0609690887581
"318",9.27949923059547,11.9630974319336,14.5335699557606,13.8342014898175,17.8797303399649,14.986112663488,10.1182239509802,12.6391727216254,17.0609690887581
"319",7.08450162904822,10.5544949844166,12.5136257807156,3.84928683997133,7.70928127748728,13.1416858340395,7.83781556038533,10.1742735770095,7.12661852831257
"320",4.38061103759169,5.89175665081469,6.29013100502946,2.33236880757191,5.18855709091844,10.3019145641646,4.94733889652412,6.82099050382383,4.74462362706132
"321",3.78819892698193,9.6249813607747,11.2111551908526,8.72172246906831,13.4530760285282,9.52966867148236,4.29800320411325,6.01767676043512,12.6902380286393
"322",6.8598729823312,6.63272362821287,7.22192853536514,4.96754288401973,9.25983105427132,12.9353899309888,7.60152111986802,9.91115062610073,8.61243371207087
"323",5.2337663877922,4.8954530614735,5.07795649699935,2.52938137961996,5.55394368440406,11.2980455197176,5.87122638440786,7.92821820824282,5.08695384434874
"324",3.65218196965062,4.8954530614735,5.07795649699935,2.15391184143979,4.84441701652172,9.3407263889865,4.14790953341288,5.82863457565907,4.423230067137
"325",3.15410987430615,4.04038554883498,4.0784394951394,1.91773921202944,4.36684931354982,8.60361458621543,3.59475407125916,5.11974085109602,3.97898459855126
"326",2.72509936597619,4.30986045972463,4.38911455047091,1.71517368608621,3.93367793649427,7.89934283730207,3.11339364210755,4.48538012979609,3.57792747336964
"327",2.62786848286607,4.8954530614735,5.07795649699935,1.23015476934187,2.77656274774999,7.72880831927367,3.00359982821121,4.33812827042122,2.51667601919473
"328",1.91040707797915,4.30986045972463,4.38911455047091,2.52938137961996,5.55394368440406,6.30156170942642,2.18413755360243,3.2033163953287,5.08695384434874
"329",2.358497726047,4.04038554883498,4.0784394951394,2.33236880757191,5.18855709091844,7.23117212510097,2.69794857543637,3.92264418653957,4.74462362706132
"330",2.12031608071792,2.91277891701851,2.82581507090058,1.65435693923365,3.79872500359262,6.75519638964306,2.42573169349951,3.54508310288273,3.45337006769733
"331",1.97741173174855,2.39436808658354,2.27864909723707,1.23015476934187,2.77656274774999,6.45025939143405,2.26143922552533,3.3134008207144,2.51667601919473
"332",1.78477754228077,1.97572094028613,1.85222215345086,0.992131844685818,2.11552859114202,6.01176823552474,2.03871093976607,2.99422389840875,1.91833282789367
"333",1.61579836202629,2.10517203453329,1.98248449249275,0.992131844685818,2.11552859114202,5.59618501312125,1.84201841708262,2.70694317425693,1.91833282789367
"334",1.33876411474424,2.24452482218374,2.12433199054381,1.04226533590956,2.26207352951407,4.83365966333182,1.51647354045717,2.21839396080406,2.05039294327846
"335",1.46791663439037,2.39436808658354,2.27864909723707,1.30764597776023,2.97575482269165,5.20353977350184,1.66875639519178,2.4491360915145,2.69820812278489
"336",1.78477754228077,4.8954530614735,5.07795649699935,1.59663769684249,3.66832600612432,6.01176823552474,2.03871093976607,2.99422389840875,3.33320001001901
"337",2.04734662661843,5.89175665081469,6.29013100502946,2.15391184143979,4.84441701652172,6.60147630639465,2.3419362863439,3.42729461681675,4.423230067137
"338",2.62786848286607,4.8954530614735,5.07795649699935,1.84670668039439,4.21764474716244,7.72880831927367,3.00359982821121,4.33812827042122,3.84063141064542
"339",3.52085140691252,5.54401068894,5.86153778524471,1.59663769684249,3.66832600612432,9.15358138166353,4.00260618550774,5.64432875267282,3.33320001001901
"340",2.72509936597619,9.16826962384959,10.5811953247148,4.56406058001028,8.72281999788316,7.89934283730207,3.11339364210755,4.48538012979609,8.09627886082896
"341",3.78819892698193,9.6249813607747,11.2111551908526,3.84928683997133,7.70928127748728,9.52966867148236,4.29800320411325,6.01767676043512,7.12661852831257
"342",3.27190732437279,11.9630974319336,14.5335699557606,4.76182678514855,8.98890627301581,8.78496075057478,3.7261033032171,5.28989959368732,8.35183254885778
"343",5.41966030036344,11.4940160557653,13.8552734447281,5.87240104571985,10.3887591512452,11.5004772157331,6.07094534885684,8.16270372221098,9.70246610332252
"344",5.61062363787095,7.02491367319654,7.72487705752201,4.19175958973912,8.20567717747657,11.7037518882111,6.27556107058311,8.40129603522708,7.60076068998401
"345",3.27190732437279,7.02491367319654,7.72487705752201,2.98542471482094,6.35001299420919,8.78496075057478,3.7261033032171,5.28989959368732,5.8364393694447
"346",3.39412310626802,6.2548071118275,6.74359745708302,3.24774207548073,6.78112048701449,8.96830403312655,3.86202810422675,5.46475496991044,6.24427381405536
"347",3.39412310626802,7.02491367319654,7.72487705752201,4.19175958973912,8.20567717747657,8.96830403312655,3.86202810422675,5.46475496991044,7.60076068998401
"348",4.22512741657486,5.54401068894,5.86153778524471,3.24774207548073,6.78112048701449,10.1065405270639,4.77757716882188,6.61313863627054,6.24427381405536
"349",3.65218196965062,4.8954530614735,5.07795649699935,1.99250239302772,4.5209896635945,9.3407263889865,4.14790953341288,5.82863457565907,4.12213883117136
"350",3.15410987430615,3.5466614871216,3.52018831079592,2.15391184143979,4.84441701652172,8.60361458621543,3.59475407125916,5.11974085109602,4.423230067137
"351",3.27190732437279,3.11049981556798,3.03956011003704,1.84670668039439,4.21764474716244,8.78496075057478,3.7261033032171,5.28989959368732,3.84063141064542
"352",1.97741173174855,5.89175665081469,6.29013100502946,1.23015476934187,2.77656274774999,6.45025939143405,2.26143922552533,3.3134008207144,2.51667601919473
"353",2.04734662661843,5.05168339055109,5.26478083456334,1.16060069340728,2.59177719672862,6.60147630639465,2.3419362863439,3.42729461681675,2.34875655401022
"354",2.04734662661843,4.30986045972463,4.38911455047091,1.59663769684249,3.66832600612432,6.60147630639465,2.3419362863439,3.42729461681675,3.33320001001901
"355",2.04734662661843,5.54401068894,5.86153778524471,1.48991902602664,3.42078119174728,6.60147630639465,2.3419362863439,3.42729461681675,3.10558940188995
"356",1.72595274252926,5.54401068894,5.86153778524471,0.992131844685818,2.11552859114202,5.87068902605672,1.97038532510262,2.89503880932938,1.91833282789367
"357",1.66965788729353,4.04038554883498,4.0784394951394,1.59663769684249,3.66832600612432,5.73216077914572,1.90485328267138,2.79930844500753,3.33320001001901
"358",1.78477754228077,4.8954530614735,5.07795649699935,1.16060069340728,2.59177719672862,6.01176823552474,2.03871093976607,2.99422389840875,2.34875655401022
"359",1.91040707797915,3.78610745914022,3.78911321986597,0.90700707567501,1.85518454410399,6.30156170942642,2.18413755360243,3.2033163953287,1.68465361613038
"360",1.61579836202629,3.5466614871216,3.52018831079592,0.761135175437494,1.36297500186797,5.59618501312125,1.84201841708262,2.70694317425693,1.24667493772547
"361",1.46791663439037,3.78610745914022,3.78911321986597,1.48991902602664,3.42078119174728,5.20353977350184,1.66875639519178,2.4491360915145,3.10558940188995
"362",1.56428125809689,3.11049981556798,3.03956011003704,1.39392490061398,3.19020854017059,5.46275915789081,1.78178546194048,2.61785233364564,2.89421991101711
"363",1.78477754228077,3.11049981556798,3.03956011003704,1.59663769684249,3.66832600612432,6.01176823552474,2.03871093976607,2.99422389840875,3.33320001001901
"364",1.91040707797915,2.55529564920769,2.44635823378959,0.992131844685818,2.11552859114202,6.30156170942642,2.18413755360243,3.2033163953287,1.91833282789367
"365",1.46791663439037,1.97572094028613,1.85222215345086,0.838791800766702,1.63370664072703,5.20353977350184,1.66875639519178,2.4491360915145,1.4868999268358
